hash,nonce,transaction_index,from_address,to_address,value,gas,gas_price,input,receipt_cumulative_gas_used,receipt_gas_used,receipt_contract_address,receipt_root,receipt_status,block_timestamp,block_number,block_hash
0x0b2db63f382f2f83e641124c23841f81bbebed6cd3953ae3440fa748569a4fbc,116,28,0x4a7c6899cdcb379e284fbfd045462e751da4c7ce,0x8af820c801d854df802d03a6db5298c0fb9ba542,0,584124,1000000000,0xd948d468000000000000000000000000000000000000000000000000000000000000002000000000000000000000000000000000000000000000000000000000000000e0000000013d0fd32c24799d2ad8143402ea9b7cf86b429fd3000000c4f636484600000000000000000000000089d24a6b4ccb1b6faa2625fe562bdd9a232603590000000000000000000000004a7c6899cdcb379e284fbfd045462e751da4c7ce0000000000000000000000000000000000000000000000065389afb268160000000000000000000000000000000000000000000000000000000000000000008000000000000000000000000000000000000000000000000000000000000000144d6967726174696f6e20746f206e65772044414f000000000000000000000000,4260195,380167,,,1,2020-01-22 15:29:11 UTC,9332231,0xcd70832e701cc90743c31ffb55950c283d2ffbff2fcc8f1b8cd28d5148b48f53
0x3f71946a21769d77d43e85fec91d244488c4e8affe05a69ed89e8b50ec2e662e,25,81,0x3e2c94b47033455224e9894f8818d5d41446ff50,0x8af820c801d854df802d03a6db5298c0fb9ba542,0,129294,1000000000,0xdf133bca000000000000000000000000000000000000000000000000000000000000003400000000000000000000000000000000000000000000000000000000000000010000000000000000000000000000000000000000000000000000000000000001,9287754,72747,,,1,2020-01-22 15:41:31 UTC,9332286,0xc3c20317483991878bfa2327959757c36597324169c76640840502e6b3214476
0x6d5a89664720cd6f0b4aaf42e735879713167f49cef210bff9d480c0347a6198,48,40,0xafd040d8abf07c49dc1754bf3e664b3629c294ca,0x8af820c801d854df802d03a6db5298c0fb9ba542,0,800790,1000000000,0xdf133bca000000000000000000000000000000000000000000000000000000000000003400000000000000000000000000000000000000000000000000000000000000010000000000000000000000000000000000000000000000000000000000000001,4000776,486782,,,1,2020-01-22 17:29:20 UTC,9332755,0x480b88da44bda55a3175a57ec658045f4398e3e0464b9d76ad9b543688c9b327
0x76ecfda889d955958645f012daa05608396d17226a68cc044f4c598d4ae47a30,57,35,0x9fd0c742d81b6f08817f3ef11d09cb4a9f54ee5f,0x8af820c801d854df802d03a6db5298c0fb9ba542,0,155510,1000000000,0xdf133bca000000000000000000000000000000000000000000000000000000000000003400000000000000000000000000000000000000000000000000000000000000010000000000000000000000000000000000000000000000000000000000000001,5012197,94424,,,1,2020-01-22 16:23:02 UTC,9332473,0x090da919acdee157d04e83914af87817e6febe219147b2cc6e82a7ecf9447be2
0xc45c98ab0695d67ed80fa86b3b6330c4e217b7afeb6cd444cbf62b16e1ddda4a,24,117,0x3e2c94b47033455224e9894f8818d5d41446ff50,0x8af820c801d854df802d03a6db5298c0fb9ba542,0,155510,2000000000,0xdf133bca000000000000000000000000000000000000000000000000000000000000003400000000000000000000000000000000000000000000000000000000000000010000000000000000000000000000000000000000000000000000000000000001,8019958,94424,,,1,2020-01-22 15:40:22 UTC,9332280,0x252c3124c7e712bd0ea1ab4581dcd796d5c14da6a2a389dd271c421282cadf1c
0x8545cef0f3c4e105375552e3de66fb20ca7963f18dc8c2e7fb9166b93a8c166a,14,80,0x4a7c6899cdcb379e284fbfd045462e751da4c7ce,0x8af820c801d854df802d03a6db5298c0fb9ba542,0,664503,3000000000,0xd948d46800000000000000000000000000000000000000000000000000000000000000200000000000000000000000000000000000000000000000000000000000000180000000013d0fd32c24799d2ad8143402ea9b7cf86b429fd3000001646f0558b100000000000000000000000089d24a6b4ccb1b6faa2625fe562bdd9a232603590000000000000000000000004a7c6899cdcb379e284fbfd045462e751da4c7ce00000000000000000000000000000000000000000000000777cdd61dc1d0000000000000000000000000000000000000000000000000000000000000000000000000000000000000000000000000000000000000000000000000000000000000000000000000000000000000000000000000000000000000000000000000000100000000000000000000000000000000000000000000000000000000000000e0000000000000000000000000000000000000000000000000000000000000004e446f6d61696e3a2068747470733a2f2f64726976652e676f6f676c652e636f6d2f66696c652f642f3136365451624e7a32622d486b53644c66366e724739714d30414a6951483650522f76696577000000000000000000000000000000000000,6045501,433753,,,1,2019-02-12 06:29:03 UTC,7209916,0x11a87269e0501a0a2d1f16b60c7fcf57351526427af97675bcd42a4044dedbfb
0x667b980e6e2f6c50a8fae42a77247f067575240582c807d607f58ae0030554fe,0,56,0xd20234e08327ef81276f7088eba987153e7ffab3,0x8af820c801d854df802d03a6db5298c0fb9ba542,0,534162,2000000000,0xdf133bca000000000000000000000000000000000000000000000000000000000000000200000000000000000000000000000000000000000000000000000000000000010000000000000000000000000000000000000000000000000000000000000001,5076979,328828,,,1,2019-02-12 13:31:13 UTC,7211135,0x4d6dada9920f2663f1f466b62ed6343ad054fb22c493427e0132cb107395a1b2
0x07579584d4f1f5c5e55fe56c0973bfc6548a46826dad511ffbf38fc61c335e0b,3,77,0xb1dab97636a94201881c8236056e733315eaeae7,0x8af820c801d854df802d03a6db5298c0fb9ba542,0,123651,5000000000,0xdf133bca000000000000000000000000000000000000000000000000000000000000000200000000000000000000000000000000000000000000000000000000000000010000000000000000000000000000000000000000000000000000000000000001,5718798,73185,,,1,2019-02-12 06:56:56 UTC,7209999,0x60944f8885e9a48ec80b6232299e5bcb9ae452d9e520195b1271b10f07fc5062
0x319a04b403ffe7ca1abe4246b3acb86f4696a8bc19a518188601a45641d33862,17,99,0xafd040d8abf07c49dc1754bf3e664b3629c294ca,0x8af820c801d854df802d03a6db5298c0fb9ba542,0,123651,5000000000,0xdf133bca000000000000000000000000000000000000000000000000000000000000000200000000000000000000000000000000000000000000000000000000000000010000000000000000000000000000000000000000000000000000000000000001,7493395,73185,,,1,2019-02-12 08:15:36 UTC,7210224,0xfd134b377124d4f84def2954a5f31aca6bc2b53d03dd57c7dc77f7f3203df11e
0x07e10d879bd38bb8e0af2c934bb70fe03e22950983d95a165bec4dd548381e80,3,65,0x7a83cd015871dab5fad4b6652ac1ac90ebb4da29,0x8af820c801d854df802d03a6db5298c0fb9ba542,0,417305,1000000000,0xd948d468000000000000000000000000000000000000000000000000000000000000002000000000000000000000000000000000000000000000000000000000000000600000000129ee45fc2a84177e6c23d717e6a982f9cd8f8ecb000000449dc29fac0000000000000000000000007a83cd015871dab5fad4b6652ac1ac90ebb4da290000000000000000000000000000000000000000000001146ad70c5714cc0000,6792003,268954,,,1,2019-12-01 13:59:10 UTC,9032760,0x0afa8ebf9a63eae3734bcc7217f86c692a0ce7785a4940623ca9cc38d7884131
0xb75c04878b0ffc8c968887d5d3a41cb251f6acafba7bd56a189d48d4f84d2102,24,47,0x9fd0c742d81b6f08817f3ef11d09cb4a9f54ee5f,0x8af820c801d854df802d03a6db5298c0fb9ba542,0,121856,10000000000,0xdf133bca000000000000000000000000000000000000000000000000000000000000002600000000000000000000000000000000000000000000000000000000000000010000000000000000000000000000000000000000000000000000000000000001,3452963,71988,,,1,2019-09-26 15:19:23 UTC,8625248,0x67918ceafd644ce2c307ffe85faa86010523765075a5f1206799e1c08f873b51
0xef5d435e0ee6b86bb58e724099ca44d17278137775d4a9011938bc71a1bdaa59,25,103,0x9fd0c742d81b6f08817f3ef11d09cb4a9f54ee5f,0x8af820c801d854df802d03a6db5298c0fb9ba542,0,121856,10000000000,0xdf133bca000000000000000000000000000000000000000000000000000000000000002700000000000000000000000000000000000000000000000000000000000000010000000000000000000000000000000000000000000000000000000000000001,4930490,71988,,,1,2019-09-26 15:22:23 UTC,8625262,0x212de214643d2d5abbfdcd65e82abaaa6b51809c52e8027f70f156e8263a0d91
0x997200cdd46924a6b29937f508bb9b50d0bc950394073349c81d76ce3becb2af,26,56,0x9fd0c742d81b6f08817f3ef11d09cb4a9f54ee5f,0x8af820c801d854df802d03a6db5298c0fb9ba542,0,121856,10000000000,0xdf133bca000000000000000000000000000000000000000000000000000000000000002800000000000000000000000000000000000000000000000000000000000000010000000000000000000000000000000000000000000000000000000000000001,3206945,71988,,,1,2019-09-26 15:22:31 UTC,8625263,0xca7fd94799d3b754f9bd6021870b063ebd0055e67d9044f2a969290551aefb81
0x895cb5b24fc2f02974d8247ed350c676a970f59185e9b493efdf04bbfa83bee3,27,85,0x9fd0c742d81b6f08817f3ef11d09cb4a9f54ee5f,0x8af820c801d854df802d03a6db5298c0fb9ba542,0,121856,10000000000,0xdf133bca000000000000000000000000000000000000000000000000000000000000002900000000000000000000000000000000000000000000000000000000000000010000000000000000000000000000000000000000000000000000000000000001,6305268,71988,,,1,2019-09-26 15:23:19 UTC,8625266,0x14fe5678d9f625be1067d522fb43aa5cd86b8cf209c8397aa6b88a92b69e2382
0xd4876cc456a0829a0f3c4a0c5e33cbd051389804bc094869896690c7d443fa8f,34,288,0xafd040d8abf07c49dc1754bf3e664b3629c294ca,0x8af820c801d854df802d03a6db5298c0fb9ba542,0,121856,11000000000,0xdf133bca000000000000000000000000000000000000000000000000000000000000002600000000000000000000000000000000000000000000000000000000000000010000000000000000000000000000000000000000000000000000000000000001,9868451,71988,,,1,2019-09-26 06:07:35 UTC,8622810,0x41375060670d54b4fa6fc7b29a483f63dbb9e0202faaaca19371feac70d8cf60
0xf124cc5de79a55dbe8f6ddc3d50d93635d60ba4ce8e84b9cd50124c3ab90b6c3,35,226,0xafd040d8abf07c49dc1754bf3e664b3629c294ca,0x8af820c801d854df802d03a6db5298c0fb9ba542,0,121856,11000000000,0xdf133bca000000000000000000000000000000000000000000000000000000000000002700000000000000000000000000000000000000000000000000000000000000010000000000000000000000000000000000000000000000000000000000000001,9765511,71988,,,1,2019-09-26 06:08:35 UTC,8622814,0xc3c964410a36a9b98aa47c34bb54ac211fcee947f1f025a3cc313d424317d039
0xbfc0aa903e1c28f3880f6f7b2c60a9d049289d4f64d9a0c9a4c1a15924314909,36,227,0xafd040d8abf07c49dc1754bf3e664b3629c294ca,0x8af820c801d854df802d03a6db5298c0fb9ba542,0,121856,11000000000,0xdf133bca000000000000000000000000000000000000000000000000000000000000002800000000000000000000000000000000000000000000000000000000000000010000000000000000000000000000000000000000000000000000000000000001,9837499,71988,,,1,2019-09-26 06:08:35 UTC,8622814,0xc3c964410a36a9b98aa47c34bb54ac211fcee947f1f025a3cc313d424317d039
0x7ef5736e8678a50041772c17cefb2fd58ff5d7993204915c899786b73e9212fd,37,228,0xafd040d8abf07c49dc1754bf3e664b3629c294ca,0x8af820c801d854df802d03a6db5298c0fb9ba542,0,121856,11000000000,0xdf133bca000000000000000000000000000000000000000000000000000000000000002900000000000000000000000000000000000000000000000000000000000000010000000000000000000000000000000000000000000000000000000000000001,9909487,71988,,,1,2019-09-26 06:08:35 UTC,8622814,0xc3c964410a36a9b98aa47c34bb54ac211fcee947f1f025a3cc313d424317d039
0x20c22ae9f9e5da34514643b83a749093add6404399c7d9809a29f9ae6490d335,60,102,0x4a7c6899cdcb379e284fbfd045462e751da4c7ce,0x8af820c801d854df802d03a6db5298c0fb9ba542,0,417209,3300000000,0xd948d468000000000000000000000000000000000000000000000000000000000000002000000000000000000000000000000000000000000000000000000000000000600000000129ee45fc2a84177e6c23d717e6a982f9cd8f8ecb0000004440c10f190000000000000000000000004a7c6899cdcb379e284fbfd045462e751da4c7ce0000000000000000000000000000000000000000000000691d07d2bcda6c0000,6358084,268890,,,1,2019-08-22 16:05:00 UTC,8401060,0x1785a1bd0a364b4b9872d3b0afeb9a562857b8a5a3909446813e4d3fe6473949
0xf24b4a7376696d30050c92e10d82d36825178a0b3ceab89de21f8e65935c4871,61,149,0x4a7c6899cdcb379e284fbfd045462e751da4c7ce,0x8af820c801d854df802d03a6db5298c0fb9ba542,0,417209,3300000000,0xd948d468000000000000000000000000000000000000000000000000000000000000002000000000000000000000000000000000000000000000000000000000000000600000000129ee45fc2a84177e6c23d717e6a982f9cd8f8ecb0000004440c10f19000000000000000000000000afd040d8abf07c49dc1754bf3e664b3629c294ca00000000000000000000000000000000000000000000001dd0c885f9a0d80000,6937868,268890,,,1,2019-08-22 16:05:33 UTC,8401063,0x3a11fc42fbe447edc423e055081656daaf62c39062f11898d351203092ae9615
0x4416e1ce29ef94a764914007bf7a2a4aec96582672a5683c4be8c9bf0f5c157f,62,103,0x4a7c6899cdcb379e284fbfd045462e751da4c7ce,0x8af820c801d854df802d03a6db5298c0fb9ba542,0,417209,3000000000,0xd948d468000000000000000000000000000000000000000000000000000000000000002000000000000000000000000000000000000000000000000000000000000000600000000129ee45fc2a84177e6c23d717e6a982f9cd8f8ecb0000004440c10f190000000000000000000000009fd0c742d81b6f08817f3ef11d09cb4a9f54ee5f000000000000000000000000000000000000000000000015af1d78b58c400000,5423294,268890,,,1,2019-08-22 16:10:44 UTC,8401079,0x8243c6791cf741d1777206df5bfe7996786890f4d6dc04e955d4bd536e4c43cf
0x97ad3eb766bd27dd34637498994468a21b3b40b793a5343fb55b5e1c02c6ba64,65,118,0x4a7c6899cdcb379e284fbfd045462e751da4c7ce,0x8af820c801d854df802d03a6db5298c0fb9ba542,0,417209,3000000000,0xd948d468000000000000000000000000000000000000000000000000000000000000002000000000000000000000000000000000000000000000000000000000000000600000000129ee45fc2a84177e6c23d717e6a982f9cd8f8ecb0000004440c10f190000000000000000000000003e2c94b47033455224e9894f8818d5d41446ff500000000000000000000000000000000000000000000000056bc75e2d63100000,7122006,268890,,,1,2019-08-22 16:10:44 UTC,8401079,0x8243c6791cf741d1777206df5bfe7996786890f4d6dc04e955d4bd536e4c43cf
0x9c1f378a2668ce12527ae1d620f6f3d8ed94a36792f00ddf0d963492a99e502f,63,104,0x4a7c6899cdcb379e284fbfd045462e751da4c7ce,0x8af820c801d854df802d03a6db5298c0fb9ba542,0,417209,3000000000,0xd948d468000000000000000000000000000000000000000000000000000000000000002000000000000000000000000000000000000000000000000000000000000000600000000129ee45fc2a84177e6c23d717e6a982f9cd8f8ecb0000004440c10f19000000000000000000000000d20234e08327ef81276f7088eba987153e7ffab300000000000000000000000000000000000000000000001043561a8829300000,5692184,268890,,,1,2019-08-22 16:10:44 UTC,8401079,0x8243c6791cf741d1777206df5bfe7996786890f4d6dc04e955d4bd536e4c43cf
0x0421796a691543532564c45fe5bd68df622894c83dabff755a3b0fd4dbe1f2d5,64,108,0x4a7c6899cdcb379e284fbfd045462e751da4c7ce,0x8af820c801d854df802d03a6db5298c0fb9ba542,0,417209,3000000000,0xd948d468000000000000000000000000000000000000000000000000000000000000002000000000000000000000000000000000000000000000000000000000000000600000000129ee45fc2a84177e6c23d717e6a982f9cd8f8ecb0000004440c10f19000000000000000000000000b1dab97636a94201881c8236056e733315eaeae70000000000000000000000000000000000000000000000078903338be34c0000,6157251,268890,,,1,2019-08-22 16:10:44 UTC,8401079,0x8243c6791cf741d1777206df5bfe7996786890f4d6dc04e955d4bd536e4c43cf
0x75b94043b064142cdea4e6c96464e71e9485864b958afd56df3a688322ed4b32,2,89,0x3e2c94b47033455224e9894f8818d5d41446ff50,0x8af820c801d854df802d03a6db5298c0fb9ba542,0,334548,1000000000,0xd5db2c80000000000000000000000000000000000000000000000000000000000000004000000000000000000000000000000000000000000000000000000000000000800000000000000000000000000000000000000000000000000000000000000004000000010000000000000000000000000000000000000000000000000000000000000000000000000000000000000000000000000000000000000000000000144449502d313a2052656c61796572204d6f64656c000000000000000000000000,4097503,213789,,,1,2019-04-07 07:41:06 UTC,7519765,0x1398fb9c81ab7f3651f4fca72171cc70e5a8ebecc3c2daade06bcd9d3bebd81b
0xc076f0fd9d674f348c0891b43dbb3e1023ad79e6723804aa28981b8f587d8351,15,113,0x4a7c6899cdcb379e284fbfd045462e751da4c7ce,0x8af820c801d854df802d03a6db5298c0fb9ba542,0,123651,2000000000,0xdf133bca000000000000000000000000000000000000000000000000000000000000000400000000000000000000000000000000000000000000000000000000000000010000000000000000000000000000000000000000000000000000000000000001,7282251,73185,,,1,2019-04-07 20:23:35 UTC,7523139,0x1e52439812923dc842f94ce89d748c054e627d70888389884f94417af7729200
0x362827e24416a624e8bbc8f61b4d876daa2b96fd15b7309ce366914de2e13582,3,84,0x3e2c94b47033455224e9894f8818d5d41446ff50,0x8af820c801d854df802d03a6db5298c0fb9ba542,0,341793,2000000000,0xd5db2c80000000000000000000000000000000000000000000000000000000000000004000000000000000000000000000000000000000000000000000000000000000800000000000000000000000000000000000000000000000000000000000000004000000010000000000000000000000000000000000000000000000000000000000000000000000000000000000000000000000000000000000000000000000514449502d313a2052656c61796572204d6f64656c2e20596573203d2050726f706f73616c20412c204e6f203d2050726f706f73616c20422e2053656520736c61636b20666f72206d6f726520696e666f2e000000000000000000000000000000,5892869,218619,,,1,2019-04-07 07:51:45 UTC,7519809,0x2e8185b10e20d5ca45ed228df1392bb3bd7b9b065ad62915c7cc9157a40ca9b9
0x38a60de215d166e8aa5b98bd6fcd2ac1ee3f99ad63f2d555389da5ba9fd39c57,8,24,0x4a7c6899cdcb379e284fbfd045462e751da4c7ce,0x8af820c801d854df802d03a6db5298c0fb9ba542,0,628133,2000000000,0xd948d468000000000000000000000000000000000000000000000000000000000000002000000000000000000000000000000000000000000000000000000000000000600000000129ee45fc2a84177e6c23d717e6a982f9cd8f8ecb0000004440c10f190000000000000000000000004a7c6899cdcb379e284fbfd045462e751da4c7ce000000000000000000000000000000000000000000002a59f7af0be2459c0000,2100319,400024,,,1,2019-02-05 10:11:03 UTC,7177804,0xb32cdf023778621a1541dc2bc189bb2db7a2cdcecc6c414342211123f486ff2d
0xa2775dee997fb1312ea704f19ef5ed52b9949f204e9ac4d02934daa139640f1b,2,88,0x4a7c6899cdcb379e284fbfd045462e751da4c7ce,0x8af820c801d854df802d03a6db5298c0fb9ba542,0,650633,3000000000,0xd948d468000000000000000000000000000000000000000000000000000000000000002000000000000000000000000000000000000000000000000000000000000000600000000129ee45fc2a84177e6c23d717e6a982f9cd8f8ecb0000004440c10f190000000000000000000000004a7c6899cdcb379e284fbfd045462e751da4c7ce0000000000000000000000000000000000000000000069e10de76676d0800000,6562959,415024,,,1,2019-02-04 12:35:38 UTC,7173388,0xf541fc9ba177990401c53bef8bc7e3aaad3f526f89d853e8ce96ab896ef5afcc
0x1db099a4853bad949d937a81b87c5fc1cb16e58c77816c47cbf8a54175436602,41,102,0xafd040d8abf07c49dc1754bf3e664b3629c294ca,0x8af820c801d854df802d03a6db5298c0fb9ba542,0,121856,1000000000,0xdf133bca000000000000000000000000000000000000000000000000000000000000002c00000000000000000000000000000000000000000000000000000000000000010000000000000000000000000000000000000000000000000000000000000001,7712134,71988,,,1,2019-10-04 22:04:40 UTC,8678244,0x5d5b661dd3c47ef73359c04c6a188fd84df2ce7fa58aed36135febaac03daa92
0x1b13a657fafa950458b50c18ba8f562604d812469dc2abcfca27094e28a6727f,39,62,0xafd040d8abf07c49dc1754bf3e664b3629c294ca,0x8af820c801d854df802d03a6db5298c0fb9ba542,0,121856,1000000000,0xdf133bca000000000000000000000000000000000000000000000000000000000000002e00000000000000000000000000000000000000000000000000000000000000010000000000000000000000000000000000000000000000000000000000000001,5435292,71988,,,1,2019-10-04 22:04:40 UTC,8678244,0x5d5b661dd3c47ef73359c04c6a188fd84df2ce7fa58aed36135febaac03daa92
0x0558858f3afbc0053306280831fac243977111ec1e934c20dc81fd0b108ea3ba,40,67,0xafd040d8abf07c49dc1754bf3e664b3629c294ca,0x8af820c801d854df802d03a6db5298c0fb9ba542,0,121856,1000000000,0xdf133bca000000000000000000000000000000000000000000000000000000000000002d00000000000000000000000000000000000000000000000000000000000000010000000000000000000000000000000000000000000000000000000000000001,5879654,71988,,,1,2019-10-04 22:04:40 UTC,8678244,0x5d5b661dd3c47ef73359c04c6a188fd84df2ce7fa58aed36135febaac03daa92
0xc2e0006550d2fefb7edd981819d839a1969cbc1face73a77f9040f28f6277dec,38,51,0xafd040d8abf07c49dc1754bf3e664b3629c294ca,0x8af820c801d854df802d03a6db5298c0fb9ba542,0,121856,1000000000,0xdf133bca000000000000000000000000000000000000000000000000000000000000002f00000000000000000000000000000000000000000000000000000000000000010000000000000000000000000000000000000000000000000000000000000001,3921674,71988,,,1,2019-10-04 22:04:40 UTC,8678244,0x5d5b661dd3c47ef73359c04c6a188fd84df2ce7fa58aed36135febaac03daa92
0x9977d4e8b0249d0caf040efb9bb9e0da34ed322f4f3aea5ef3bcd080b2e6756b,42,40,0xafd040d8abf07c49dc1754bf3e664b3629c294ca,0x8af820c801d854df802d03a6db5298c0fb9ba542,0,121856,1000000000,0xdf133bca000000000000000000000000000000000000000000000000000000000000002b00000000000000000000000000000000000000000000000000000000000000010000000000000000000000000000000000000000000000000000000000000001,4352551,71988,,,1,2019-10-04 22:05:10 UTC,8678246,0x725c6c6b349dedb4fe04205f71e94bbf747ba6780cce4306899c557d587b5ea0
0x54c3aa3e2a9bc708c4b4a13919629ff2ca1c9ea0d8f0f0d76f235f924f75fb74,43,55,0xafd040d8abf07c49dc1754bf3e664b3629c294ca,0x8af820c801d854df802d03a6db5298c0fb9ba542,0,121856,1000000000,0xdf133bca000000000000000000000000000000000000000000000000000000000000002a00000000000000000000000000000000000000000000000000000000000000010000000000000000000000000000000000000000000000000000000000000001,5808355,71988,,,1,2019-10-04 22:05:10 UTC,8678246,0x725c6c6b349dedb4fe04205f71e94bbf747ba6780cce4306899c557d587b5ea0
0x1d3a1af4d3e5fed99cbf6ff52561d8048dc1f872055f3ec88c864a44d7087bfe,72,60,0x4a7c6899cdcb379e284fbfd045462e751da4c7ce,0x8af820c801d854df802d03a6db5298c0fb9ba542,0,121856,1000000000,0xdf133bca000000000000000000000000000000000000000000000000000000000000002a00000000000000000000000000000000000000000000000000000000000000010000000000000000000000000000000000000000000000000000000000000001,3523001,71988,,,1,2019-10-04 18:29:20 UTC,8677295,0xbc979317fb122815b626947c3359a9d73b72a5e5748311e971d40cc8ed180436
0x92bd31135dd69e8a1c4bbcac5de721e701b3143f8cb8f52b1d451977b0a4cea8,73,148,0x4a7c6899cdcb379e284fbfd045462e751da4c7ce,0x8af820c801d854df802d03a6db5298c0fb9ba542,0,121856,1000000000,0xdf133bca000000000000000000000000000000000000000000000000000000000000002b00000000000000000000000000000000000000000000000000000000000000010000000000000000000000000000000000000000000000000000000000000001,9586652,71988,,,1,2019-10-04 18:30:30 UTC,8677299,0x1e9b47798ef61e0326889c4ba66f50387476ed1713675e937de131e8a57a80d3
0x0ff34537005c2e0a5a209e4a6a7b779b04c5cb474c27de116a59eac78e6606ec,74,35,0x4a7c6899cdcb379e284fbfd045462e751da4c7ce,0x8af820c801d854df802d03a6db5298c0fb9ba542,0,121856,1000000000,0xdf133bca000000000000000000000000000000000000000000000000000000000000002c00000000000000000000000000000000000000000000000000000000000000010000000000000000000000000000000000000000000000000000000000000001,9591360,71988,,,1,2019-10-04 18:30:32 UTC,8677300,0x94fab58e7c733edde0e5c7c778736dbc101c525981de957600fe0e3f2d601bd1
0xb3811ff670b02db7fbd6f8e6526a9f8c76930d9d47751636d7db311a1a306153,75,41,0x4a7c6899cdcb379e284fbfd045462e751da4c7ce,0x8af820c801d854df802d03a6db5298c0fb9ba542,0,121856,1000000000,0xdf133bca000000000000000000000000000000000000000000000000000000000000002d00000000000000000000000000000000000000000000000000000000000000010000000000000000000000000000000000000000000000000000000000000001,3324179,71988,,,1,2019-10-04 18:30:45 UTC,8677302,0xc60b22d3041115e27e2f98b1de7d08e0df51546233da8543896da0e70c548572
0x762e8f6e6d57087faf8494ed7e8684ecbdcfac29dc095c85a4e1d94870546623,76,135,0x4a7c6899cdcb379e284fbfd045462e751da4c7ce,0x8af820c801d854df802d03a6db5298c0fb9ba542,0,121856,1000000000,0xdf133bca000000000000000000000000000000000000000000000000000000000000002e00000000000000000000000000000000000000000000000000000000000000010000000000000000000000000000000000000000000000000000000000000001,6495038,71988,,,1,2019-10-04 18:32:53 UTC,8677309,0xcc1da5c04c3b88015e230b7e569070de391d928a12b7345d1d78f00d1804afdb
0xabc8bf52f629d1f1bbb6588a714a05436ed789dcc2d9ba06b5c2697bf336d0b2,77,49,0x4a7c6899cdcb379e284fbfd045462e751da4c7ce,0x8af820c801d854df802d03a6db5298c0fb9ba542,0,121856,1000000000,0xdf133bca000000000000000000000000000000000000000000000000000000000000002f00000000000000000000000000000000000000000000000000000000000000010000000000000000000000000000000000000000000000000000000000000001,6389364,71988,,,1,2019-10-04 18:35:05 UTC,8677318,0x445cb91b5aecbc85603d156329e09bc2651acaea77dfb8a03ec14938bbe1452a
0x5d1f86b5e337f683f46158a547e25cd602561ef2dc6009ab733edd134f9fe6e9,22,116,0xd20234e08327ef81276f7088eba987153e7ffab3,0x8af820c801d854df802d03a6db5298c0fb9ba542,0,417209,2000000000,0xd948d468000000000000000000000000000000000000000000000000000000000000002000000000000000000000000000000000000000000000000000000000000000600000000129ee45fc2a84177e6c23d717e6a982f9cd8f8ecb0000004440c10f190000000000000000000000004a7c6899cdcb379e284fbfd045462e751da4c7ce00000000000000000000000000000000000000000000006e88cf30ea3d7c0000,8150954,268890,,,1,2019-10-04 17:04:45 UTC,8676908,0x72ec6c7dcf910f4a8d0db6499297dfcbdea5dbb03a3d09abfb02f60595bd9c9a
0x48d252a52e30f9cefc8ff5e23b5b610e115d5cbb2a2d0fbf846b16472a788f16,23,34,0xd20234e08327ef81276f7088eba987153e7ffab3,0x8af820c801d854df802d03a6db5298c0fb9ba542,0,417209,1000000000,0xd948d468000000000000000000000000000000000000000000000000000000000000002000000000000000000000000000000000000000000000000000000000000000600000000129ee45fc2a84177e6c23d717e6a982f9cd8f8ecb0000004440c10f19000000000000000000000000d20234e08327ef81276f7088eba987153e7ffab3000000000000000000000000000000000000000000000015af1d78b58c400000,4680572,268890,,,1,2019-10-04 17:05:23 UTC,8676914,0xf68bbebec9875858ebe9b890cb8f90c76eddb46449634cc152a4ef34234cd556
0xd499f2efc860b9b6d9dcafbb6f3d3806d4ae9f8756ef7ce4186181675d931ba1,24,47,0xd20234e08327ef81276f7088eba987153e7ffab3,0x8af820c801d854df802d03a6db5298c0fb9ba542,0,417209,1000000000,0xd948d468000000000000000000000000000000000000000000000000000000000000002000000000000000000000000000000000000000000000000000000000000000600000000129ee45fc2a84177e6c23d717e6a982f9cd8f8ecb0000004440c10f19000000000000000000000000afd040d8abf07c49dc1754bf3e664b3629c294ca0000000000000000000000000000000000000000000000233c8fe42703e80000,2960288,268890,,,1,2019-10-04 17:06:28 UTC,8676920,0xd91e421050ceef7cd35a8f96213d1a9fd9bc68e79963eeb96d0f921a2d6c767a
0x746ce952ba59e2fc6af8d0f885b1eb4a3ed216279de5f47b820ef7e21f0ec7d4,25,44,0xd20234e08327ef81276f7088eba987153e7ffab3,0x8af820c801d854df802d03a6db5298c0fb9ba542,0,417209,1000000000,0xd948d468000000000000000000000000000000000000000000000000000000000000002000000000000000000000000000000000000000000000000000000000000000600000000129ee45fc2a84177e6c23d717e6a982f9cd8f8ecb0000004440c10f19000000000000000000000000b1dab97636a94201881c8236056e733315eaeae70000000000000000000000000000000000000000000000078903338be34c0000,3153952,268890,,,1,2019-10-04 17:06:39 UTC,8676922,0xa4834fdec31376e3320acbd9862f62d62255779901270246843cbdebb2bd7b36
0x68acb457d4f0523dab185f7b6ab211e6048dc76dec8f778927f3c4e26f8715ac,26,120,0xd20234e08327ef81276f7088eba987153e7ffab3,0x8af820c801d854df802d03a6db5298c0fb9ba542,0,417209,1000000000,0xd948d468000000000000000000000000000000000000000000000000000000000000002000000000000000000000000000000000000000000000000000000000000000600000000129ee45fc2a84177e6c23d717e6a982f9cd8f8ecb0000004440c10f190000000000000000000000003e2c94b47033455224e9894f8818d5d41446ff500000000000000000000000000000000000000000000000056bc75e2d63100000,6006791,268890,,,1,2019-10-04 17:07:03 UTC,8676924,0x3a6de5fc2e60a2da52ff9acfb84d4754416e99c70ac3ae9dd02029185c850480
0xe0461c1829312f12cc9fa4598d53742904eec5c369ccfc177e960182d1aa8034,27,62,0xd20234e08327ef81276f7088eba987153e7ffab3,0x8af820c801d854df802d03a6db5298c0fb9ba542,0,417209,1000000000,0xd948d468000000000000000000000000000000000000000000000000000000000000002000000000000000000000000000000000000000000000000000000000000000600000000129ee45fc2a84177e6c23d717e6a982f9cd8f8ecb0000004440c10f190000000000000000000000009fd0c742d81b6f08817f3ef11d09cb4a9f54ee5f00000000000000000000000000000000000000000000001b1ae4d6e2ef500000,8335492,268890,,,1,2019-10-04 17:10:47 UTC,8676942,0x9929406d83d5807ca8bab617e08fbf490b04cd297b419eb7de84bd05af45fd67
0x019789f9950c51c6483ace97c35beb6d28157b41b10cd120478fda99a3d90139,70,15,0x4a7c6899cdcb379e284fbfd045462e751da4c7ce,0x8af820c801d854df802d03a6db5298c0fb9ba542,0,417209,20000000000,0xd948d468000000000000000000000000000000000000000000000000000000000000002000000000000000000000000000000000000000000000000000000000000000600000000129ee45fc2a84177e6c23d717e6a982f9cd8f8ecb0000004440c10f19000000000000000000000000b1dab97636a94201881c8236056e733315eaeae70000000000000000000000000000000000000000000000078903338be34c0000,774122,268890,,,1,2019-10-04 18:29:10 UTC,8677293,0x2308201eb74e14114326180ad80ec011aeafabb2b37b68e9c5355a2513ea020b
0x9ca257aef5d656e2f8d0a19402d3d9f8e1643c8775cc5664e6c39c734aee57ce,71,16,0x4a7c6899cdcb379e284fbfd045462e751da4c7ce,0x8af820c801d854df802d03a6db5298c0fb9ba542,0,417209,20000000000,0xd948d468000000000000000000000000000000000000000000000000000000000000002000000000000000000000000000000000000000000000000000000000000000600000000129ee45fc2a84177e6c23d717e6a982f9cd8f8ecb0000004440c10f190000000000000000000000003e2c94b47033455224e9894f8818d5d41446ff500000000000000000000000000000000000000000000000056bc75e2d63100000,1043012,268890,,,1,2019-10-04 18:29:10 UTC,8677293,0x2308201eb74e14114326180ad80ec011aeafabb2b37b68e9c5355a2513ea020b
0x1799ff13f82bbe02b3dd28184e4151a15ba8fb35ac0cb7daa760f68c032cc43f,28,17,0xd20234e08327ef81276f7088eba987153e7ffab3,0x8af820c801d854df802d03a6db5298c0fb9ba542,0,215604,1200000000,0xdf133bca000000000000000000000000000000000000000000000000000000000000003200000000000000000000000000000000000000000000000000000000000000010000000000000000000000000000000000000000000000000000000000000001,5948068,125991,,,1,2019-10-24 18:37:23 UTC,8804568,0xd05783d6a0a1367eec97d94c67f5916df5c1c2acddc924aff9836f05d96c63a7
0x09c8eea832d4b66a018c477c1e519b99018c69157b1cbd53f105055a13015900,44,66,0xafd040d8abf07c49dc1754bf3e664b3629c294ca,0x8af820c801d854df802d03a6db5298c0fb9ba542,0,121856,4500000000,0xdf133bca000000000000000000000000000000000000000000000000000000000000003200000000000000000000000000000000000000000000000000000000000000010000000000000000000000000000000000000000000000000000000000000001,3945600,71988,,,1,2019-10-24 13:02:24 UTC,8803094,0x37722d508a6f2a04b88a3c1a9f5d03ebc90b12b7955f803ed3cb0694d074261c
0x7b4b60dc548fb04b90057aca1e1c7443f6c4e2e4860cbe2337249653ca6c5146,37,111,0x9fd0c742d81b6f08817f3ef11d09cb4a9f54ee5f,0x8af820c801d854df802d03a6db5298c0fb9ba542,0,121856,10000000000,0xdf133bca000000000000000000000000000000000000000000000000000000000000003200000000000000000000000000000000000000000000000000000000000000010000000000000000000000000000000000000000000000000000000000000001,7741612,71988,,,1,2019-10-24 16:32:31 UTC,8804030,0xf69b6ee136bcfa7fe07375295561101d08c539ac23aacdff59758e613801cad1
0x3df68ec1745dba4738556362c7a84a6f4fa85deca3485c091cb25b63cc061c77,83,116,0x4a7c6899cdcb379e284fbfd045462e751da4c7ce,0x8af820c801d854df802d03a6db5298c0fb9ba542,0,452996,3000000000,0xd948d46800000000000000000000000000000000000000000000000000000000000000200000000000000000000000000000000000000000000000000000000000000080000000012acef0794e9dccfeacad5a3d2cdc8063bc7580a300000064ae5b2540f1f3eb40f5bc1ad1344716ced8b8a0431d840b5783aea1fd01786bc26f35ac0fbf8491150dafc5dcaee5b861414dca922de09ccffa344964ae167212e8c673ae000000000000000000000000836835289a2e81b66ae5d95b7c8dbc0480dcf9da,8981005,292748,,,1,2019-10-24 12:55:19 UTC,8803053,0x68b71efa3f11f1cf74ecdaa400e62592f42f50853c4fa057a3f5351f3d941433
0x0156f6ba606e66209aef2d3ecfbe1837109f6a118199f6ffc6982193bc4aceb1,66,81,0x4a7c6899cdcb379e284fbfd045462e751da4c7ce,0x8af820c801d854df802d03a6db5298c0fb9ba542,0,417209,20000000000,0xd948d468000000000000000000000000000000000000000000000000000000000000002000000000000000000000000000000000000000000000000000000000000000600000000129ee45fc2a84177e6c23d717e6a982f9cd8f8ecb0000004440c10f190000000000000000000000004a7c6899cdcb379e284fbfd045462e751da4c7ce00000000000000000000000000000000000000000000006e88cf30ea3d7c0000,3791773,268890,,,1,2019-09-25 15:21:16 UTC,8618870,0x9405fd31ebcd8df2b9d19d27ad1db46138b9932deb386500ed0afa458f56da52
0x851b42cda882cce0d3d23adda02669b5d0164ddcfcb86d234d79accaf71b025c,69,93,0x4a7c6899cdcb379e284fbfd045462e751da4c7ce,0x8af820c801d854df802d03a6db5298c0fb9ba542,0,417209,20000000000,0xd948d468000000000000000000000000000000000000000000000000000000000000002000000000000000000000000000000000000000000000000000000000000000600000000129ee45fc2a84177e6c23d717e6a982f9cd8f8ecb0000004440c10f19000000000000000000000000d20234e08327ef81276f7088eba987153e7ffab3000000000000000000000000000000000000000000000015af1d78b58c400000,4649254,268890,,,1,2019-09-25 18:43:16 UTC,8619774,0x2bf0b76f8a91a167c3c2d0be7668bcbb80bb88c21c4f548d7f2adb9b6e56a19f
0xe498920a8e9469500d63d04464751de8f55e48b55dbc171e1fef1a1f67fee1e3,68,92,0x4a7c6899cdcb379e284fbfd045462e751da4c7ce,0x8af820c801d854df802d03a6db5298c0fb9ba542,0,417209,20000000000,0xd948d468000000000000000000000000000000000000000000000000000000000000002000000000000000000000000000000000000000000000000000000000000000600000000129ee45fc2a84177e6c23d717e6a982f9cd8f8ecb0000004440c10f190000000000000000000000009fd0c742d81b6f08817f3ef11d09cb4a9f54ee5f00000000000000000000000000000000000000000000001b1ae4d6e2ef500000,4380364,268890,,,1,2019-09-25 18:43:16 UTC,8619774,0x2bf0b76f8a91a167c3c2d0be7668bcbb80bb88c21c4f548d7f2adb9b6e56a19f
0xc14963054e578b162d77b8828d8e6dd759bf978eda0953bbe6eff1533076804b,67,91,0x4a7c6899cdcb379e284fbfd045462e751da4c7ce,0x8af820c801d854df802d03a6db5298c0fb9ba542,0,417209,20000000000,0xd948d468000000000000000000000000000000000000000000000000000000000000002000000000000000000000000000000000000000000000000000000000000000600000000129ee45fc2a84177e6c23d717e6a982f9cd8f8ecb0000004440c10f19000000000000000000000000afd040d8abf07c49dc1754bf3e664b3629c294ca0000000000000000000000000000000000000000000000233c8fe42703e80000,4111474,268890,,,1,2019-09-25 18:43:16 UTC,8619774,0x2bf0b76f8a91a167c3c2d0be7668bcbb80bb88c21c4f548d7f2adb9b6e56a19f
0x51bd5a53ae77242affc616af7270c6094b3c9cbc7ef7c0982ca6ad97489dcc7c,16,123,0x4a7c6899cdcb379e284fbfd045462e751da4c7ce,0x8af820c801d854df802d03a6db5298c0fb9ba542,0,123651,2000000000,0xdf133bca000000000000000000000000000000000000000000000000000000000000000500000000000000000000000000000000000000000000000000000000000000010000000000000000000000000000000000000000000000000000000000000001,7741782,73185,,,1,2019-04-09 09:31:06 UTC,7533114,0xa874c0639f694a59a661c940f842ec38f877a4cc27450a0978c77099922ebc6f
0xba58ec29329da119c0346cc4fcd4c27d1568511ab9842baaced75d823c476e68,4,20,0xb1dab97636a94201881c8236056e733315eaeae7,0x8af820c801d854df802d03a6db5298c0fb9ba542,0,123651,2000000000,0xdf133bca000000000000000000000000000000000000000000000000000000000000000500000000000000000000000000000000000000000000000000000000000000010000000000000000000000000000000000000000000000000000000000000001,2264896,73185,,,1,2019-04-09 09:34:06 UTC,7533124,0x5aea4e028fa53a7233b5b7df339427aaa1e0d02d8450b0299733e21822e8b65e
0xe72695085d971b2a337de363f1f4617f0c29eee435cc27279efa71d5faa61b13,4,63,0x3e2c94b47033455224e9894f8818d5d41446ff50,0x8af820c801d854df802d03a6db5298c0fb9ba542,0,341793,2000000000,0xd5db2c80000000000000000000000000000000000000000000000000000000000000004000000000000000000000000000000000000000000000000000000000000000800000000000000000000000000000000000000000000000000000000000000004000000010000000000000000000000000000000000000000000000000000000000000000000000000000000000000000000000000000000000000000000000514449502d313a2052656c61796572204d6f64656c2e20596573203d2050726f706f73616c20412c204e6f203d2050726f706f73616c20422e2053656520736c61636b20666f72206d6f726520696e666f2e000000000000000000000000000000,6742631,218619,,,1,2019-04-09 05:38:47 UTC,7532093,0x64b3e3a4ea91703225db6db52c628f81becb79d03b543bae193642138589b2c3
0x0ab2caa6e23490f22f84ea5bb792c8c4a2c80fcbe7e17ba3aee33439a5e8f8f9,18,35,0xafd040d8abf07c49dc1754bf3e664b3629c294ca,0x8af820c801d854df802d03a6db5298c0fb9ba542,0,161427,1468750000,0xdf133bca000000000000000000000000000000000000000000000000000000000000000500000000000000000000000000000000000000000000000000000000000000010000000000000000000000000000000000000000000000000000000000000001,3759093,98284,,,1,2019-04-10 04:54:49 UTC,7538279,0xa636f1c6649d7e4fed5839c181169008aee12be0fe81c26395fd590d8700b18c
0x5ca2b0b2e39b7f8168bb7e0b8ffa93623c8707b5d344a18b6be02eb6326c8698,15,101,0x3e2c94b47033455224e9894f8818d5d41446ff50,0x8af820c801d854df802d03a6db5298c0fb9ba542,0,121855,3000000000,0xdf133bca000000000000000000000000000000000000000000000000000000000000001a00000000000000000000000000000000000000000000000000000000000000010000000000000000000000000000000000000000000000000000000000000001,5382732,71988,,,1,2019-04-26 08:17:32 UTC,7641858,0xa86d162319cbfb6f6733a9d12d58ea4e5c163df1895b587f94a0c2206263b95e
0xce0cd427556829e7473e74f9a93156a1de0f1fde943c91b5a54c632451616bc0,16,102,0x3e2c94b47033455224e9894f8818d5d41446ff50,0x8af820c801d854df802d03a6db5298c0fb9ba542,0,121855,3000000000,0xdf133bca000000000000000000000000000000000000000000000000000000000000001900000000000000000000000000000000000000000000000000000000000000010000000000000000000000000000000000000000000000000000000000000001,5454720,71988,,,1,2019-04-26 08:17:32 UTC,7641858,0xa86d162319cbfb6f6733a9d12d58ea4e5c163df1895b587f94a0c2206263b95e
0x4d27578dd7cf2291d45448f33979175774c6e96f22291cf03b6c8a79ca9ffd67,17,103,0x3e2c94b47033455224e9894f8818d5d41446ff50,0x8af820c801d854df802d03a6db5298c0fb9ba542,0,121855,3000000000,0xdf133bca000000000000000000000000000000000000000000000000000000000000001800000000000000000000000000000000000000000000000000000000000000010000000000000000000000000000000000000000000000000000000000000001,5526708,71988,,,1,2019-04-26 08:17:32 UTC,7641858,0xa86d162319cbfb6f6733a9d12d58ea4e5c163df1895b587f94a0c2206263b95e
0xe63c4e0a23023249a8c56b2baac45c638982d14f081ac156a850f4f49a9b2b19,18,184,0x3e2c94b47033455224e9894f8818d5d41446ff50,0x8af820c801d854df802d03a6db5298c0fb9ba542,0,121855,3000000000,0xdf133bca000000000000000000000000000000000000000000000000000000000000001700000000000000000000000000000000000000000000000000000000000000010000000000000000000000000000000000000000000000000000000000000001,6947389,71988,,,1,2019-04-26 08:17:40 UTC,7641860,0x4bbc0e651f710db9a24191657c938e23a1f5f26c0670adbcda0dcbe25eead022
0xcc8108c0935ffc0a2117554b7d9b58791dca3859131852dcfc38585da58d97ed,13,135,0xd20234e08327ef81276f7088eba987153e7ffab3,0x8af820c801d854df802d03a6db5298c0fb9ba542,0,121855,3000000000,0xdf133bca000000000000000000000000000000000000000000000000000000000000001800000000000000000000000000000000000000000000000000000000000000010000000000000000000000000000000000000000000000000000000000000001,6654708,71988,,,1,2019-04-26 09:16:17 UTC,7642136,0x84e46b9cda8ae2b0a2c52be2108f17964d3236ddab05121c7475876b7ba94867
0x733343fd4d305a907aad652a401ab0da6bca91e00daae4305e9dcc6c827fa6f6,14,110,0xd20234e08327ef81276f7088eba987153e7ffab3,0x8af820c801d854df802d03a6db5298c0fb9ba542,0,121855,3000000000,0xdf133bca000000000000000000000000000000000000000000000000000000000000001700000000000000000000000000000000000000000000000000000000000000010000000000000000000000000000000000000000000000000000000000000001,6773749,71988,,,1,2019-04-26 09:18:49 UTC,7642147,0x2ee14bb7f746cd2415506dea7dfeb2b79ea66edbf89c98c448f2cc18626f9f85
0xf43008fa704c52d3515aaa474d88d71e631206974d21125efdf3150edb3a8285,15,108,0xd20234e08327ef81276f7088eba987153e7ffab3,0x8af820c801d854df802d03a6db5298c0fb9ba542,0,121855,3000000000,0xdf133bca000000000000000000000000000000000000000000000000000000000000001900000000000000000000000000000000000000000000000000000000000000010000000000000000000000000000000000000000000000000000000000000001,6154011,71988,,,1,2019-04-26 09:19:30 UTC,7642150,0x06ae65db47d308493edd81911d39d6373b3632f8062be4aafc5acb6b88da85cd
0x0abdbc3099ae2e5236cee56a534a3f1d80da2fc984529f6b6cf1b6e9b3befcfd,16,56,0xd20234e08327ef81276f7088eba987153e7ffab3,0x8af820c801d854df802d03a6db5298c0fb9ba542,0,121855,3000000000,0xdf133bca000000000000000000000000000000000000000000000000000000000000001a00000000000000000000000000000000000000000000000000000000000000010000000000000000000000000000000000000000000000000000000000000001,2871211,71988,,,1,2019-04-26 09:19:47 UTC,7642152,0x9b0026c2d345476f5b6a2ba1c2514ff5d335e34c46c20a6fdd608538a71757d8
0x7368315e0e89a44324cf613d55dd9ce6ebc68981e64286a37398124a54bfa109,17,81,0xd20234e08327ef81276f7088eba987153e7ffab3,0x8af820c801d854df802d03a6db5298c0fb9ba542,0,121855,3000000000,0xdf133bca000000000000000000000000000000000000000000000000000000000000001b00000000000000000000000000000000000000000000000000000000000000010000000000000000000000000000000000000000000000000000000000000001,6771066,71988,,,1,2019-04-26 09:20:36 UTC,7642155,0xa39e32c99edd43058d2567cfd7afe281e73919f80625ef6c2e89a1bf146791dd
0x240bc2e8f47661b776af11666f41db9e977cef933376151d0ede37f5631b6d08,18,84,0xd20234e08327ef81276f7088eba987153e7ffab3,0x8af820c801d854df802d03a6db5298c0fb9ba542,0,121855,3000000000,0xdf133bca000000000000000000000000000000000000000000000000000000000000001f00000000000000000000000000000000000000000000000000000000000000010000000000000000000000000000000000000000000000000000000000000001,7260264,71988,,,1,2019-04-26 13:30:10 UTC,7643271,0x1142df49b7a6c4914b609efd8e18d0671859480d034cfda02e21048db2777237
0x3179f745bdc7c6562b749380f46ae1b01dc05098f7abbff3f47915f592b4abd8,19,76,0xd20234e08327ef81276f7088eba987153e7ffab3,0x8af820c801d854df802d03a6db5298c0fb9ba542,0,121855,3000000000,0xdf133bca000000000000000000000000000000000000000000000000000000000000001e00000000000000000000000000000000000000000000000000000000000000010000000000000000000000000000000000000000000000000000000000000001,5917767,71988,,,1,2019-04-26 13:32:07 UTC,7643281,0x8137bbc1bccab3923c1c1335613d77094fdfdf761f76f225c87c5f0740b57540
0xef0b909cf840c25295faf74767ad3675777d3db75d106939739eb241fed53a33,12,40,0x3e2c94b47033455224e9894f8818d5d41446ff50,0x8af820c801d854df802d03a6db5298c0fb9ba542,0,121855,3000000000,0xdf133bca000000000000000000000000000000000000000000000000000000000000001d00000000000000000000000000000000000000000000000000000000000000010000000000000000000000000000000000000000000000000000000000000001,1750721,71988,,,1,2019-04-26 08:13:24 UTC,7641839,0x9ee4871d0b9e3e50f4286770903507740cc665c3bf6f76f3cdb8fe8d4c02425a
0x35c1e1445bacf14d5577666ac8c75e415494c8c3d15b5e281e18a5d0f84539d7,13,28,0x3e2c94b47033455224e9894f8818d5d41446ff50,0x8af820c801d854df802d03a6db5298c0fb9ba542,0,121855,3000000000,0xdf133bca000000000000000000000000000000000000000000000000000000000000001c00000000000000000000000000000000000000000000000000000000000000010000000000000000000000000000000000000000000000000000000000000001,1996885,71988,,,1,2019-04-26 08:14:13 UTC,7641843,0x7b3d2099d2d9dbd329add606fa2f4a06a15306917a22d71046fc51a11fcb7aca
0xdeba3f6f9111c4f1b82f42ddd6b96c53fdc2e49226d57ff3cc67cb75e22d8c30,14,59,0x3e2c94b47033455224e9894f8818d5d41446ff50,0x8af820c801d854df802d03a6db5298c0fb9ba542,0,121855,3000000000,0xdf133bca000000000000000000000000000000000000000000000000000000000000001b00000000000000000000000000000000000000000000000000000000000000010000000000000000000000000000000000000000000000000000000000000001,5204315,71988,,,1,2019-04-26 08:14:36 UTC,7641845,0x3ec0aed4712be0144e12249fd62bd7d4b5b36b15d670df9b485b6c414eeb9f8a
0x851743bde8a8b9a944dd12cf4fbd2f80328538565ff59a475b6c5661e70063b4,17,170,0x9fd0c742d81b6f08817f3ef11d09cb4a9f54ee5f,0x8af820c801d854df802d03a6db5298c0fb9ba542,0,328609,3000000000,0xdf133bca000000000000000000000000000000000000000000000000000000000000001800000000000000000000000000000000000000000000000000000000000000010000000000000000000000000000000000000000000000000000000000000001,7388907,200261,,,1,2019-04-26 13:39:22 UTC,7643319,0xc826ecd24add5daffb41b22f74f1fdbdd0e07bf8799b7bd5c92177474ce826a8
0x6319c54c20addc1e1109422e7278eab8bba49619524d5e5500c66865d51e8c55,15,111,0x9fd0c742d81b6f08817f3ef11d09cb4a9f54ee5f,0x8af820c801d854df802d03a6db5298c0fb9ba542,0,296868,3000000000,0xdf133bca000000000000000000000000000000000000000000000000000000000000001700000000000000000000000000000000000000000000000000000000000000010000000000000000000000000000000000000000000000000000000000000001,7861644,200261,,,1,2019-04-26 11:54:19 UTC,7642871,0x0c28d2700fa55fa24f8b075db449a19183e0413170dc0c952714b0cf861bc154
0x1a2f11ab17150afbd110db298f5830f4408939801bbe6773d05eafb191631e4d,16,70,0x9fd0c742d81b6f08817f3ef11d09cb4a9f54ee5f,0x8af820c801d854df802d03a6db5298c0fb9ba542,0,296868,3000000000,0xdf133bca000000000000000000000000000000000000000000000000000000000000001900000000000000000000000000000000000000000000000000000000000000010000000000000000000000000000000000000000000000000000000000000001,6597196,200261,,,1,2019-04-26 11:55:06 UTC,7642874,0x493ee3dfdcaf15ba2dfd10c65bd0f8ad75e107dc565fbbc5b8d0ecc35c63bf45
0xc9084a8febc308f0ad9912c71ce523666304abc4ccaaf126e701b90ebf090a58,32,96,0x4a7c6899cdcb379e284fbfd045462e751da4c7ce,0x8af820c801d854df802d03a6db5298c0fb9ba542,0,417209,3000000000,0xd948d468000000000000000000000000000000000000000000000000000000000000002000000000000000000000000000000000000000000000000000000000000000600000000129ee45fc2a84177e6c23d717e6a982f9cd8f8ecb0000004440c10f190000000000000000000000004a7c6899cdcb379e284fbfd045462e751da4c7ce000000000000000000000000000000000000000000000077432217e683600000,5673046,268890,,,1,2019-04-26 05:46:32 UTC,7641202,0xa3f8357e703dffb225c2156f54ac19ff84281c0837036bb06a0f4863344e1977
0x741a05e80dcf827116713b50f24ad12d9e500a830e3ca448594cba00a6623ed9,33,15,0x4a7c6899cdcb379e284fbfd045462e751da4c7ce,0x8af820c801d854df802d03a6db5298c0fb9ba542,0,417209,3000000000,0xd948d468000000000000000000000000000000000000000000000000000000000000002000000000000000000000000000000000000000000000000000000000000000600000000129ee45fc2a84177e6c23d717e6a982f9cd8f8ecb0000004440c10f19000000000000000000000000d20234e08327ef81276f7088eba987153e7ffab3000000000000000000000000000000000000000000000038ebad5cdc90280000,1414682,268890,,,1,2019-04-26 05:49:01 UTC,7641213,0xc561a060c7c8a96524f0ddb0a9e788cb2699d9f1c50f8164cb6e3256e70236d8
0x5903bb58e12b4d7c094ef86a1aff24f38425543a75c124e50dcf56b6b0ae7ca1,34,149,0x4a7c6899cdcb379e284fbfd045462e751da4c7ce,0x8af820c801d854df802d03a6db5298c0fb9ba542,0,417209,3000000000,0xd948d468000000000000000000000000000000000000000000000000000000000000002000000000000000000000000000000000000000000000000000000000000000600000000129ee45fc2a84177e6c23d717e6a982f9cd8f8ecb0000004440c10f190000000000000000000000003e2c94b47033455224e9894f8818d5d41446ff5000000000000000000000000000000000000000000000003635c9adc5dea00000,6312643,268890,,,1,2019-04-26 05:51:46 UTC,7641220,0x91a46660a4b7ec397b18287db425d2396c1e877dbe833faf138cc8544f25565c
0xc8b81fea9a7b3e26270fbd60b0754871a31c680d13ffcd4561b7b67be576a5b7,35,88,0x4a7c6899cdcb379e284fbfd045462e751da4c7ce,0x8af820c801d854df802d03a6db5298c0fb9ba542,0,417209,3000000000,0xd948d468000000000000000000000000000000000000000000000000000000000000002000000000000000000000000000000000000000000000000000000000000000600000000129ee45fc2a84177e6c23d717e6a982f9cd8f8ecb0000004440c10f190000000000000000000000009fd0c742d81b6f08817f3ef11d09cb4a9f54ee5f00000000000000000000000000000000000000000000003635c9adc5dea00000,5981811,268890,,,1,2019-04-26 05:54:52 UTC,7641230,0x2983fd1c91e50ab278a27015b6cce38fe5672b328cdf6d95d4b79de2d5a892fa
0xf8ce7f1f3d6dbb412ba2f92dcec14bf37fe7c1a710291e4002a4cbb094fd2d35,36,100,0x4a7c6899cdcb379e284fbfd045462e751da4c7ce,0x8af820c801d854df802d03a6db5298c0fb9ba542,0,417209,3000000000,0xd948d468000000000000000000000000000000000000000000000000000000000000002000000000000000000000000000000000000000000000000000000000000000600000000129ee45fc2a84177e6c23d717e6a982f9cd8f8ecb0000004440c10f19000000000000000000000000afd040d8abf07c49dc1754bf3e664b3629c294ca00000000000000000000000000000000000000000000002086ac351052600000,7611757,268890,,,1,2019-04-26 05:54:59 UTC,7641232,0xe196ee8d2f53e85522acdd373ea5eaf08e2f4f44bdefc3dfd89b8d9db2af8817
0x757989eed4aea7742a543c7b93e241a5bccb15c54d8d07af2d8bb428b20a5f1a,37,145,0x4a7c6899cdcb379e284fbfd045462e751da4c7ce,0x8af820c801d854df802d03a6db5298c0fb9ba542,0,417209,3000000000,0xd948d468000000000000000000000000000000000000000000000000000000000000002000000000000000000000000000000000000000000000000000000000000000600000000129ee45fc2a84177e6c23d717e6a982f9cd8f8ecb0000004440c10f19000000000000000000000000b1dab97636a94201881c8236056e733315eaeae7000000000000000000000000000000000000000000000015af1d78b58c400000,6774782,268890,,,1,2019-04-26 05:55:04 UTC,7641233,0xc01d963db3e53a5202f4551ce69b0d78d36f04c8a4bd088a9cb5587bce58bf4e
0xb7eb544227177f46ee40de282a132b75db6293eda1846e31d7c1b8d3a5db8bae,38,184,0x4a7c6899cdcb379e284fbfd045462e751da4c7ce,0x8af820c801d854df802d03a6db5298c0fb9ba542,0,417209,3000000000,0xd948d468000000000000000000000000000000000000000000000000000000000000002000000000000000000000000000000000000000000000000000000000000000600000000129ee45fc2a84177e6c23d717e6a982f9cd8f8ecb0000004440c10f190000000000000000000000007a83cd015871dab5fad4b6652ac1ac90ebb4da290000000000000000000000000000000000000000000000056bc75e2d63100000,7427742,268890,,,1,2019-04-26 05:59:38 UTC,7641252,0x1db530f5c6d2f5ea21362466e5a6153367c0c34d104764ccc9d725da253f4240
0xaed3588ca2f50a914bd29c0a2ee95e39cf39aa007e863bc015cd98d57de39c41,39,142,0x4a7c6899cdcb379e284fbfd045462e751da4c7ce,0x8af820c801d854df802d03a6db5298c0fb9ba542,0,417209,2000000001,0xd948d468000000000000000000000000000000000000000000000000000000000000002000000000000000000000000000000000000000000000000000000000000000600000000129ee45fc2a84177e6c23d717e6a982f9cd8f8ecb0000004440c10f190000000000000000000000009fd0c742d81b6f08817f3ef11d09cb4a9f54ee5f0000000000000000000000000000000000000000000000089e917994f71c0000,7534968,268890,,,1,2019-04-26 11:48:10 UTC,7642837,0xf8fcf354a306f58334ece1180ebd148b578136bb5ad7e90ef69c4b81bd74c962
0x9788334880541dc6de559c4a9b4219e93ca8960ce03a8ee164703444a408f5ef,40,16,0x4a7c6899cdcb379e284fbfd045462e751da4c7ce,0x8af820c801d854df802d03a6db5298c0fb9ba542,0,417209,2000000000,0xd948d468000000000000000000000000000000000000000000000000000000000000002000000000000000000000000000000000000000000000000000000000000000600000000129ee45fc2a84177e6c23d717e6a982f9cd8f8ecb0000004440c10f19000000000000000000000000d20234e08327ef81276f7088eba987153e7ffab30000000000000000000000000000000000000000000000089e917994f71c0000,1512270,268890,,,1,2019-04-26 11:48:35 UTC,7642841,0x78b99ebf85dfa4a839c6d9cdf0d047ff67329fb01c5926c12e159526171e4aa0
0x4b0f029da2807d754094b8d5d708900d8657d356902bf8475ca419498e5a7e8a,20,169,0xd20234e08327ef81276f7088eba987153e7ffab3,0x8af820c801d854df802d03a6db5298c0fb9ba542,0,127744,3000000000,0xdf133bca000000000000000000000000000000000000000000000000000000000000001c00000000000000000000000000000000000000000000000000000000000000010000000000000000000000000000000000000000000000000000000000000001,7114924,75914,,,1,2019-04-26 14:25:44 UTC,7643510,0x55b24e056f7747f84468124be56f373b4c5466f6e71ae7e2c242ad443f3c31df
0x4bbee53a638bf17d8e10b84aeebe0e181507f95ad442fc4b8271dc69de306fcc,21,109,0xd20234e08327ef81276f7088eba987153e7ffab3,0x8af820c801d854df802d03a6db5298c0fb9ba542,0,127744,3000000000,0xdf133bca000000000000000000000000000000000000000000000000000000000000001d00000000000000000000000000000000000000000000000000000000000000010000000000000000000000000000000000000000000000000000000000000001,4643054,75914,,,1,2019-04-26 14:25:49 UTC,7643511,0xc57ffaa4c6fffbcfcbaa89507dadc3482274d6ddebaeaa131cebb1eeed2e9340
0x02105df37f1209dcd240644686d81a5f1f45eff18b572ece98ddfde4bcce725f,14,66,0x9fd0c742d81b6f08817f3ef11d09cb4a9f54ee5f,0x8af820c801d854df802d03a6db5298c0fb9ba542,0,322720,3000000000,0xdf133bca000000000000000000000000000000000000000000000000000000000000001a00000000000000000000000000000000000000000000000000000000000000010000000000000000000000000000000000000000000000000000000000000001,7341267,196335,,,1,2019-04-26 11:53:28 UTC,7642869,0x6f905130eeb3d139968decebfcefc433065b0d765b96a9fd917cd1fd36aa7e26
0x5e3f733ab4a36372e07f5ef91bb7aed03e6b2b74818ce99615edeb521016f05a,3,103,0x9fd0c742d81b6f08817f3ef11d09cb4a9f54ee5f,0x8af820c801d854df802d03a6db5298c0fb9ba542,0,123651,2567894978,0xdf133bca000000000000000000000000000000000000000000000000000000000000000600000000000000000000000000000000000000000000000000000000000000010000000000000000000000000000000000000000000000000000000000000001,6963983,73185,,,1,2019-04-17 06:48:07 UTC,7583789,0xffd2030b9646cdcb8dd88683323a5f85d6022a7d9e55ccf6e59669af8b09b1d4
0x5388b02eb5a0f0aa619f8ec81acb2d7a594ed057afd5bf40867cd185b234e5f7,19,117,0xafd040d8abf07c49dc1754bf3e664b3629c294ca,0x8af820c801d854df802d03a6db5298c0fb9ba542,0,161427,10000000000,0xdf133bca000000000000000000000000000000000000000000000000000000000000000600000000000000000000000000000000000000000000000000000000000000010000000000000000000000000000000000000000000000000000000000000001,5794006,98284,,,1,2019-04-17 07:06:18 UTC,7583866,0xc0fb29e217a3cb1bee5d1dbcabcb5360cb7f55269690d4b50af05c1e2df43a97
0xa012c2dcb0a44f2f986c54a71cba614bc52b3e0e314e16e3fd08ca69f3104697,162,33,0xadbc69b07b839ca353177b5a22013b30624d2dc5,0x8af820c801d854df802d03a6db5298c0fb9ba542,0,382554,2000000000,0xd948d46800000000000000000000000000000000000000000000000000000000000000200000000000000000000000000000000000000000000000000000000000000080000000012acef0794e9dccfeacad5a3d2cdc8063bc7580a300000064ae5b2540f1f3eb40f5bc1ad1344716ced8b8a0431d840b5783aea1fd01786bc26f35ac0f9fa3927f639745e587912d4b0fea7ef9013bf93fb907d29faeab57417ba6e1d4000000000000000000000000b935c3d80229d5d92f3761b17cd81dc2610e3a45,5235379,245787,,,1,2019-04-18 08:34:30 UTC,7590700,0x3f46e019e42cb88ff1a22ecb1fc3a6694a336bb5a34aaaa16c3b9aa86baae642
0x2e17cd075639bc13ffc867241cdfdb88bde5ef3bfdd471af2ed3f062914e43dc,163,34,0xadbc69b07b839ca353177b5a22013b30624d2dc5,0x8af820c801d854df802d03a6db5298c0fb9ba542,0,382554,2000000000,0xd948d46800000000000000000000000000000000000000000000000000000000000000200000000000000000000000000000000000000000000000000000000000000080000000012acef0794e9dccfeacad5a3d2cdc8063bc7580a300000064ae5b2540f1f3eb40f5bc1ad1344716ced8b8a0431d840b5783aea1fd01786bc26f35ac0f6b20a3010614eeebf2138ccec99f028a61c811b3b1a3343b6ff635985c75c91f000000000000000000000000de3a93028f2283cc28756b3674bd657eafb992f4,5481166,245787,,,1,2019-04-18 08:34:30 UTC,7590700,0x3f46e019e42cb88ff1a22ecb1fc3a6694a336bb5a34aaaa16c3b9aa86baae642
0xfd5e877c1deb21dc020c655443b2c691c072efb8420cfbcc6e5eea95978aa778,19,138,0x4a7c6899cdcb379e284fbfd045462e751da4c7ce,0x8af820c801d854df802d03a6db5298c0fb9ba542,0,462470,2000000000,0xd948d46800000000000000000000000000000000000000000000000000000000000000200000000000000000000000000000000000000000000000000000000000000080000000012acef0794e9dccfeacad5a3d2cdc8063bc7580a300000064ae5b2540f1f3eb40f5bc1ad1344716ced8b8a0431d840b5783aea1fd01786bc26f35ac0f7e852e0fcfce6551c13800f1e7476f982525c2b5277ba14b24339c68416336d100000000000000000000000003ad07802bba1b6fa293e593a42845e6569a7470,7146153,299064,,,1,2019-04-18 08:50:31 UTC,7590757,0x24e80a272a8042d83a13350d0b6f7116cf436c65248b8b6a6f8115e9190142ee
0xeb7395125b8019346def3933cb886fdc311225a4d2c80fa2b1f73cc77368bdea,22,141,0x4a7c6899cdcb379e284fbfd045462e751da4c7ce,0x8af820c801d854df802d03a6db5298c0fb9ba542,0,493649,3000000000,0xd948d468000000000000000000000000000000000000000000000000000000000000002000000000000000000000000000000000000000000000000000000000000000a0000000010e7bf501636987560bdcb568b3feea29e712798100000084be0384780000000000000000000000008af820c801d854df802d03a6db5298c0fb9ba54200000000000000000000000029ee45fc2a84177e6c23d717e6a982f9cd8f8ecbe97b137254058bd94f28d2f3eb79e2d34074ffb488d042e3bc958e0a57d2fa220000000000000000000000008af820c801d854df802d03a6db5298c0fb9ba542,6007440,319850,,,1,2019-04-18 08:50:51 UTC,7590759,0x50ed23f364988dd328a83c8e205a52a97cd5e2d0b3673272d85cff4ccfc38f55
0x065ede1e5423caf439e8285a362ff21fce363bbf994d63fbb42140de7ddec1c5,18,40,0x4a7c6899cdcb379e284fbfd045462e751da4c7ce,0x8af820c801d854df802d03a6db5298c0fb9ba542,0,462566,2000000000,0xd948d46800000000000000000000000000000000000000000000000000000000000000200000000000000000000000000000000000000000000000000000000000000080000000012acef0794e9dccfeacad5a3d2cdc8063bc7580a300000064ae5b2540f1f3eb40f5bc1ad1344716ced8b8a0431d840b5783aea1fd01786bc26f35ac0fbf8491150dafc5dcaee5b861414dca922de09ccffa344964ae167212e8c673ae000000000000000000000000836835289a2e81b66ae5d95b7c8dbc0480dcf9da,6794942,299128,,,1,2019-04-18 08:34:30 UTC,7590700,0x3f46e019e42cb88ff1a22ecb1fc3a6694a336bb5a34aaaa16c3b9aa86baae642
0xc119808bbc89c67c743bdb08bb0ab7820cdca7bf85070ef6585fe8513737ed24,20,139,0x4a7c6899cdcb379e284fbfd045462e751da4c7ce,0x8af820c801d854df802d03a6db5298c0fb9ba542,0,462566,3000000000,0xd948d46800000000000000000000000000000000000000000000000000000000000000200000000000000000000000000000000000000000000000000000000000000080000000012acef0794e9dccfeacad5a3d2cdc8063bc7580a300000064ae5b2540f1f3eb40f5bc1ad1344716ced8b8a0431d840b5783aea1fd01786bc26f35ac0f9fa3927f639745e587912d4b0fea7ef9013bf93fb907d29faeab57417ba6e1d4000000000000000000000000b935c3d80229d5d92f3761b17cd81dc2610e3a45,7445281,299128,,,1,2019-04-18 08:50:31 UTC,7590757,0x24e80a272a8042d83a13350d0b6f7116cf436c65248b8b6a6f8115e9190142ee
0x77686e58f6c49354a5a9a881524e29aca0c67751e01d910339a6815f6bf43a73,21,140,0x4a7c6899cdcb379e284fbfd045462e751da4c7ce,0x8af820c801d854df802d03a6db5298c0fb9ba542,0,462566,3000000000,0xd948d46800000000000000000000000000000000000000000000000000000000000000200000000000000000000000000000000000000000000000000000000000000080000000012acef0794e9dccfeacad5a3d2cdc8063bc7580a300000064ae5b2540f1f3eb40f5bc1ad1344716ced8b8a0431d840b5783aea1fd01786bc26f35ac0f6b20a3010614eeebf2138ccec99f028a61c811b3b1a3343b6ff635985c75c91f000000000000000000000000de3a93028f2283cc28756b3674bd657eafb992f4,5687590,299128,,,1,2019-04-18 08:50:51 UTC,7590759,0x50ed23f364988dd328a83c8e205a52a97cd5e2d0b3673272d85cff4ccfc38f55
0xf800c29d51f5cf3656785cad71bac62f157850b063818adda245ec091113b942,161,32,0xadbc69b07b839ca353177b5a22013b30624d2dc5,0x8af820c801d854df802d03a6db5298c0fb9ba542,0,382458,2000000000,0xd948d46800000000000000000000000000000000000000000000000000000000000000200000000000000000000000000000000000000000000000000000000000000080000000012acef0794e9dccfeacad5a3d2cdc8063bc7580a300000064ae5b2540f1f3eb40f5bc1ad1344716ced8b8a0431d840b5783aea1fd01786bc26f35ac0f7e852e0fcfce6551c13800f1e7476f982525c2b5277ba14b24339c68416336d100000000000000000000000003ad07802bba1b6fa293e593a42845e6569a7470,4989592,245723,,,1,2019-04-18 08:34:30 UTC,7590700,0x3f46e019e42cb88ff1a22ecb1fc3a6694a336bb5a34aaaa16c3b9aa86baae642
0x498ebbdf0ae28b45db347eaa1d7fb3e484b06e213482c3e50fd2143638091174,20,20,0xafd040d8abf07c49dc1754bf3e664b3629c294ca,0x8af820c801d854df802d03a6db5298c0fb9ba542,0,123651,3000000000,0xdf133bca000000000000000000000000000000000000000000000000000000000000000c00000000000000000000000000000000000000000000000000000000000000010000000000000000000000000000000000000000000000000000000000000001,1468860,73185,,,1,2019-04-18 17:42:04 UTC,7593089,0x8ad049721fde09feffd5fec5c52bbb84def87a2c1527edf98f7cf5a0cbfa25fa
0xc5835be22339f4f9e9bdd1113556baa83d9fd428b3ddc4ade2799f4c992ad26f,21,97,0xafd040d8abf07c49dc1754bf3e664b3629c294ca,0x8af820c801d854df802d03a6db5298c0fb9ba542,0,123651,3000000000,0xdf133bca000000000000000000000000000000000000000000000000000000000000000b00000000000000000000000000000000000000000000000000000000000000010000000000000000000000000000000000000000000000000000000000000001,5686937,73185,,,1,2019-04-18 17:42:35 UTC,7593091,0x7c271d6c840eee8990fc0b5157ab9eda810148b9ca365bb23d25e551d2299687
0xd38441607d35e7d1b5b7c8fdb17a0604e1cf66fc9c90d2675655f63cab8082a1,22,60,0xafd040d8abf07c49dc1754bf3e664b3629c294ca,0x8af820c801d854df802d03a6db5298c0fb9ba542,0,123651,3000000000,0xdf133bca000000000000000000000000000000000000000000000000000000000000000e00000000000000000000000000000000000000000000000000000000000000010000000000000000000000000000000000000000000000000000000000000001,5897146,73185,,,1,2019-04-18 17:43:03 UTC,7593093,0xdc01cdaf86b7e951f0d1c23f85aa430bdda1c7902a7c01a9d4799cd85870d6df
0xbde99794777019dff1af47387d063a879714578f250794bff8b8a9572d5a9e43,23,17,0xafd040d8abf07c49dc1754bf3e664b3629c294ca,0x8af820c801d854df802d03a6db5298c0fb9ba542,0,123651,3000000000,0xdf133bca000000000000000000000000000000000000000000000000000000000000000d00000000000000000000000000000000000000000000000000000000000000010000000000000000000000000000000000000000000000000000000000000001,2603707,73185,,,1,2019-04-18 17:43:30 UTC,7593095,0xfcbfc407b3c7d63fa2c2b854e82c1e30924440cf2fa882f539bd432708a4b742
0xc9f31f51bf6b4258f94d656f9122d0ac65ae78fccd0c7df5e8ec7902b7255920,31,57,0x4a7c6899cdcb379e284fbfd045462e751da4c7ce,0x8af820c801d854df802d03a6db5298c0fb9ba542,0,417305,3000000000,0xd948d468000000000000000000000000000000000000000000000000000000000000002000000000000000000000000000000000000000000000000000000000000000600000000129ee45fc2a84177e6c23d717e6a982f9cd8f8ecb000000449dc29fac000000000000000000000000afd040d8abf07c49dc1754bf3e664b3629c294ca00000000000000000000000000000000000000000000141df5d77c6d9d600000,3745719,268954,,,1,2019-04-21 10:09:58 UTC,7610342,0x4790e0a82dbeff8ef15e9991b10ce224250712fc1b8773e4cb23c6979d82f1d6
0xe9b948b1ca0a2910f6a55f77720e3aacedf933df7508002f514c633f5e6bf13f,31,134,0xafd040d8abf07c49dc1754bf3e664b3629c294ca,0x8af820c801d854df802d03a6db5298c0fb9ba542,0,315204,3000000000,0xdf133bca000000000000000000000000000000000000000000000000000000000000001600000000000000000000000000000000000000000000000000000000000000010000000000000000000000000000000000000000000000000000000000000001,7101139,191388,,,1,2019-04-21 14:56:14 UTC,7611651,0x643b8663c0d8fb4d5afcf11f8ef963e2303b339aaa99beab759cb0504199df1c
0x9a6b6233d00275c3e37e6b893027e441bec54127e44ef35c46560c029602f369,30,56,0x9fd0c742d81b6f08817f3ef11d09cb4a9f54ee5f,0x8af820c801d854df802d03a6db5298c0fb9ba542,0,322721,1100000000,0xdf133bca000000000000000000000000000000000000000000000000000000000000002c00000000000000000000000000000000000000000000000000000000000000010000000000000000000000000000000000000000000000000000000000000001,2743063,175831,,,1,2019-10-05 05:40:16 UTC,8680246,0x74c62cbabbfe973b5a4e0bed71cf40a2137771f1605fd09d92f109af7c14f5d6
0xef9c3925356f76094f6518c81d58a69ef6a20c4b343deccb3e205c707dacddc2,28,219,0x9fd0c742d81b6f08817f3ef11d09cb4a9f54ee5f,0x8af820c801d854df802d03a6db5298c0fb9ba542,0,322721,1100000000,0xdf133bca000000000000000000000000000000000000000000000000000000000000002a00000000000000000000000000000000000000000000000000000000000000010000000000000000000000000000000000000000000000000000000000000001,9544260,196335,,,1,2019-10-05 05:40:12 UTC,8680245,0x295fb6e24d3c37929dcd5c4077ab4eff374d68ffa3608a52a0045dd613e3fcf3
0x98f5b437055bc28b0a851ebc60689e46433249b37c78653d501a28aa27770583,29,55,0x9fd0c742d81b6f08817f3ef11d09cb4a9f54ee5f,0x8af820c801d854df802d03a6db5298c0fb9ba542,0,322721,1100000000,0xdf133bca000000000000000000000000000000000000000000000000000000000000002b00000000000000000000000000000000000000000000000000000000000000010000000000000000000000000000000000000000000000000000000000000001,2567232,196335,,,1,2019-10-05 05:40:16 UTC,8680246,0x74c62cbabbfe973b5a4e0bed71cf40a2137771f1605fd09d92f109af7c14f5d6
0x6344bc15285542249e0e094b65ab453c5491890b79f9d87becb87b2979679dd7,31,106,0x9fd0c742d81b6f08817f3ef11d09cb4a9f54ee5f,0x8af820c801d854df802d03a6db5298c0fb9ba542,0,290979,1100000000,0xdf133bca000000000000000000000000000000000000000000000000000000000000002d00000000000000000000000000000000000000000000000000000000000000010000000000000000000000000000000000000000000000000000000000000001,7952223,196335,,,1,2019-10-05 05:40:33 UTC,8680247,0x500dd40adbdc757773c21c067516737571c4236be7ccccc2ac24f7e72b6ee2a0
0x5984012304a292a684ee7cea6deb9dbb181507fd956794b5376c45b89875b797,32,15,0x9fd0c742d81b6f08817f3ef11d09cb4a9f54ee5f,0x8af820c801d854df802d03a6db5298c0fb9ba542,0,290979,1100000000,0xdf133bca000000000000000000000000000000000000000000000000000000000000002e00000000000000000000000000000000000000000000000000000000000000010000000000000000000000000000000000000000000000000000000000000001,2109515,196335,,,1,2019-10-05 05:40:47 UTC,8680249,0x1b9fa61f5ccaf3ab025a59b2f1d694b7768f844d7b2bf59a5d9fd29257fdfac1
0xbf3ac9f1aee406cd9349e697abc4dd563de91f1b599a765a29ac6bdb3afa2a42,33,60,0x9fd0c742d81b6f08817f3ef11d09cb4a9f54ee5f,0x8af820c801d854df802d03a6db5298c0fb9ba542,0,322721,1000000000,0xdf133bca000000000000000000000000000000000000000000000000000000000000002f00000000000000000000000000000000000000000000000000000000000000010000000000000000000000000000000000000000000000000000000000000001,2850545,196335,,,1,2019-10-05 05:41:24 UTC,8680252,0x5a319581f7c71ad05128ef11c143992bd0152c869c606c0e29b4c7da33bbb954
0x9d70eb8fa74f3d5b62d9ebd6d7d8932244e3b26332860c949c8d3e29c5a34396,7,143,0x9fd0c742d81b6f08817f3ef11d09cb4a9f54ee5f,0x8af820c801d854df802d03a6db5298c0fb9ba542,0,218086,3000000000,0xdf133bca000000000000000000000000000000000000000000000000000000000000000d00000000000000000000000000000000000000000000000000000000000000010000000000000000000000000000000000000000000000000000000000000001,7233635,125991,,,1,2019-04-19 06:24:51 UTC,7596514,0x309717026f44bf2f7fe9233e3158ef168d73a80be349ff6b3d58d6b4b63b3a64
0xc543000af08fda40cdccc003adc7e68efdc81e11ae2b32bccefe16f2b5d674cf,30,35,0x4a7c6899cdcb379e284fbfd045462e751da4c7ce,0x8af820c801d854df802d03a6db5298c0fb9ba542,0,116859,11100000000,0xdf133bca000000000000000000000000000000000000000000000000000000000000001200000000000000000000000000000000000000000000000000000000000000010000000000000000000000000000000000000000000000000000000000000001,4004994,68657,,,1,2019-04-19 13:35:50 UTC,7598470,0x60ff9f0dfc54d16600512a6348d81639f8a7a781b02655b9bbb1fef7f9c9dda3
0xd860998533f77a10a4fc755a6470e9e049b2eccc3315f0c54816b9ccf4306122,27,80,0xafd040d8abf07c49dc1754bf3e664b3629c294ca,0x8af820c801d854df802d03a6db5298c0fb9ba542,0,121855,3000000000,0xdf133bca000000000000000000000000000000000000000000000000000000000000001200000000000000000000000000000000000000000000000000000000000000010000000000000000000000000000000000000000000000000000000000000001,3320792,71988,,,1,2019-04-19 12:40:45 UTC,7598216,0x018d43b22dbb4f55c100c4873237f13e4f564ba60717f6d179d3a46ec6f1bc93
0x5f7c01288dd8d7e86f9ee7964aad373c6bdd630e5195a32a4125eedc32ebb468,7,94,0xd20234e08327ef81276f7088eba987153e7ffab3,0x8af820c801d854df802d03a6db5298c0fb9ba542,0,121855,3000000000,0xdf133bca000000000000000000000000000000000000000000000000000000000000001400000000000000000000000000000000000000000000000000000000000000010000000000000000000000000000000000000000000000000000000000000001,4647003,71988,,,1,2019-04-19 08:27:39 UTC,7597054,0x0a9643e3081cca7c58f98e1f457c470ec5a0e9539bb5265bedead87984e6d580
0x438022fc2f73b26c6bcdab934ff14885ee540523453929ea3ced4c2d9d4a634d,10,34,0xd20234e08327ef81276f7088eba987153e7ffab3,0x8af820c801d854df802d03a6db5298c0fb9ba542,0,121855,3000000000,0xdf133bca000000000000000000000000000000000000000000000000000000000000001100000000000000000000000000000000000000000000000000000000000000010000000000000000000000000000000000000000000000000000000000000001,2595946,71988,,,1,2019-04-19 08:28:51 UTC,7597060,0x36dbea37d854501aac142f80f72eec060e1df48cf4f734432f17fe8fa7a370dc
0xfd549cd4011acb0eb043f2af64515003eaced31f61c0a823bf2db420b25d19e4,9,70,0xd20234e08327ef81276f7088eba987153e7ffab3,0x8af820c801d854df802d03a6db5298c0fb9ba542,0,121855,3000000000,0xdf133bca000000000000000000000000000000000000000000000000000000000000001200000000000000000000000000000000000000000000000000000000000000010000000000000000000000000000000000000000000000000000000000000001,3284593,71988,,,1,2019-04-19 08:28:26 UTC,7597058,0x563d1da8ee5fc4ea28e7b124fc079fa6acf00bdcaa81b46c0291cda7d805d1f9
0x0cf75d659a997f2c0882a0d4fcf880b6b37068339d37b3f6691096922d64ad1d,8,138,0x3e2c94b47033455224e9894f8818d5d41446ff50,0x8af820c801d854df802d03a6db5298c0fb9ba542,0,121855,6000000000,0xdf133bca000000000000000000000000000000000000000000000000000000000000001100000000000000000000000000000000000000000000000000000000000000010000000000000000000000000000000000000000000000000000000000000001,6895356,71988,,,1,2019-04-19 07:40:32 UTC,7596850,0x599810b5ca780b2c29d212ba285e2673879561b6f03c77b05e87506709e8ccfe
0xc3f4b245a2b38c7b4d5d3d31fa2135ba41fd57fbcb72a458c6231ece3729dd69,9,139,0x3e2c94b47033455224e9894f8818d5d41446ff50,0x8af820c801d854df802d03a6db5298c0fb9ba542,0,121855,6000000000,0xdf133bca000000000000000000000000000000000000000000000000000000000000001300000000000000000000000000000000000000000000000000000000000000010000000000000000000000000000000000000000000000000000000000000001,6967344,71988,,,1,2019-04-19 07:40:32 UTC,7596850,0x599810b5ca780b2c29d212ba285e2673879561b6f03c77b05e87506709e8ccfe
0x7ee893f3f872105e6c2b44d9016c53a87af2c89a6e964ad8358807d754e8634b,7,291,0x3e2c94b47033455224e9894f8818d5d41446ff50,0x8af820c801d854df802d03a6db5298c0fb9ba542,0,121855,6000000000,0xdf133bca000000000000000000000000000000000000000000000000000000000000001000000000000000000000000000000000000000000000000000000000000000010000000000000000000000000000000000000000000000000000000000000001,7457602,71988,,,1,2019-04-19 07:40:17 UTC,7596849,0x7f65ec444b68640a2af96b15d1e84bb1aeff81732de0f808b843932e04b289bb
0x675e9f084836d464533713bade64e5aa3c5fcec49af8242d4f5863bdeb7e3699,11,222,0x3e2c94b47033455224e9894f8818d5d41446ff50,0x8af820c801d854df802d03a6db5298c0fb9ba542,0,121855,6000000000,0xdf133bca000000000000000000000000000000000000000000000000000000000000001500000000000000000000000000000000000000000000000000000000000000010000000000000000000000000000000000000000000000000000000000000001,7776615,71988,,,1,2019-04-19 07:41:23 UTC,7596854,0x8447bda65d7d9b0de885ac50493bba76d2baa16e61b0d6a932507db34171f2ad
0x49dd0c5678aba1b0abf5e5541f9ff0951794bc724355b42dc3dae7f72a4c4e81,6,171,0x3e2c94b47033455224e9894f8818d5d41446ff50,0x8af820c801d854df802d03a6db5298c0fb9ba542,0,121855,6000000000,0xdf133bca000000000000000000000000000000000000000000000000000000000000000f00000000000000000000000000000000000000000000000000000000000000010000000000000000000000000000000000000000000000000000000000000001,7421913,71988,,,1,2019-04-19 07:38:01 UTC,7596843,0x8b1feef67a8ed089851fde48f498fdd07bea31c50eeefef12dfe8f7831f336f6
0x0428e30d679222a02991ca5addda11a4101416bf47b94b7a9b1666e3b2f84f5b,5,103,0x3e2c94b47033455224e9894f8818d5d41446ff50,0x8af820c801d854df802d03a6db5298c0fb9ba542,0,121855,1000000000,0xdf133bca000000000000000000000000000000000000000000000000000000000000000a00000000000000000000000000000000000000000000000000000000000000010000000000000000000000000000000000000000000000000000000000000001,5774977,71988,,,1,2019-04-19 07:13:17 UTC,7596742,0x98f9cfb816757fa46285997a1c43795de074f060d02324d982c56b10a698deef
0x1f7033076ff62922d7708c5cca0a1d5d363570abad272181b96b66906979bff3,6,124,0xd20234e08327ef81276f7088eba987153e7ffab3,0x8af820c801d854df802d03a6db5298c0fb9ba542,0,121855,3000000000,0xdf133bca000000000000000000000000000000000000000000000000000000000000001500000000000000000000000000000000000000000000000000000000000000010000000000000000000000000000000000000000000000000000000000000001,5468378,71988,,,1,2019-04-19 08:27:32 UTC,7597053,0xb2b93a4ececb648184223d4d80c3d5301a9a2d7faf4b37b5c1885f22ac2d68ad
0x64ffa778c10b38d4baef4a9c8aaa5839085205c8e8452974a8ca826b03e6f670,10,135,0x3e2c94b47033455224e9894f8818d5d41446ff50,0x8af820c801d854df802d03a6db5298c0fb9ba542,0,121855,6000000000,0xdf133bca000000000000000000000000000000000000000000000000000000000000001400000000000000000000000000000000000000000000000000000000000000010000000000000000000000000000000000000000000000000000000000000001,6866727,71988,,,1,2019-04-19 07:40:43 UTC,7596852,0xd5443a1405f091c8dbc88f5ba02dc61f56016b6efec8f9b1b793d4c025ce54f7
0xafcbfdcc44dda77c16c9341dd3bc2ad37f42dcaafe136454bd4531f5d6b8f0b5,11,73,0xd20234e08327ef81276f7088eba987153e7ffab3,0x8af820c801d854df802d03a6db5298c0fb9ba542,0,121855,3000000000,0xdf133bca000000000000000000000000000000000000000000000000000000000000001000000000000000000000000000000000000000000000000000000000000000010000000000000000000000000000000000000000000000000000000000000001,2340321,71988,,,1,2019-04-19 08:29:00 UTC,7597061,0xe5958185306b4b1e8b61475bbf5a435907faf5bda056f1684c47d0dd71891494
0x7a10f62ef1a47c3e0595594347acd4998dded16cf5f1cb93f2a58928525df966,12,119,0xd20234e08327ef81276f7088eba987153e7ffab3,0x8af820c801d854df802d03a6db5298c0fb9ba542,0,121855,3000000000,0xdf133bca000000000000000000000000000000000000000000000000000000000000000f00000000000000000000000000000000000000000000000000000000000000010000000000000000000000000000000000000000000000000000000000000001,5367912,71988,,,1,2019-04-19 08:29:06 UTC,7597062,0xf8202c654e8e3e51652eadf8823ae35c3e4197df01fe9a65ca3b82d92bc545e7
0x36419af3c489a74e5cf90731317d7e9d20f352896b78de56c146a10bc0775344,8,96,0xd20234e08327ef81276f7088eba987153e7ffab3,0x8af820c801d854df802d03a6db5298c0fb9ba542,0,121855,3000000000,0xdf133bca000000000000000000000000000000000000000000000000000000000000001300000000000000000000000000000000000000000000000000000000000000010000000000000000000000000000000000000000000000000000000000000001,7116041,71988,,,1,2019-04-19 08:28:08 UTC,7597056,0xfe43c268147464ec9756d08b99a54b242690608a5bec3f2b21211f9d49ca9cd4
0xc61182fd1764f63dc745c7fd01cfe53f3f6400933c39aa6fb7fdf170d78b2961,28,60,0x4a7c6899cdcb379e284fbfd045462e751da4c7ce,0x8af820c801d854df802d03a6db5298c0fb9ba542,0,417305,3000000000,0xd948d468000000000000000000000000000000000000000000000000000000000000002000000000000000000000000000000000000000000000000000000000000000600000000129ee45fc2a84177e6c23d717e6a982f9cd8f8ecb000000449dc29fac0000000000000000000000009fd0c742d81b6f08817f3ef11d09cb4a9f54ee5f00000000000000000000000000000000000000000000141df5d77c6d9d600000,2817966,268954,,,1,2019-04-19 07:29:15 UTC,7596808,0x02f2478d9031df5d7fa41607863649d64d149ac0e771cfb51b5f85e3a77ee696
0xe7a3fb899d8b7701ef0abad81ef4c3c3a55d143f40c3a61822ebbbc76c14db50,24,33,0x4a7c6899cdcb379e284fbfd045462e751da4c7ce,0x8af820c801d854df802d03a6db5298c0fb9ba542,0,417305,3000000000,0xd948d468000000000000000000000000000000000000000000000000000000000000002000000000000000000000000000000000000000000000000000000000000000600000000129ee45fc2a84177e6c23d717e6a982f9cd8f8ecb000000449dc29fac0000000000000000000000003e2c94b47033455224e9894f8818d5d41446ff5000000000000000000000000000000000000000000000141df5d77c6d9d600000,1780735,268954,,,1,2019-04-19 07:25:31 UTC,7596795,0x1afa1a636acbec4ef2de205257c3cf1457415764c474cf46cce1191a7d8722a8
0xac0be0e669d40961d29b1a7041bc688a466a8d8412f45bddcee17a61a51ade97,27,32,0x4a7c6899cdcb379e284fbfd045462e751da4c7ce,0x8af820c801d854df802d03a6db5298c0fb9ba542,0,417305,3000000000,0xd948d468000000000000000000000000000000000000000000000000000000000000002000000000000000000000000000000000000000000000000000000000000000600000000129ee45fc2a84177e6c23d717e6a982f9cd8f8ecb000000449dc29fac0000000000000000000000007a83cd015871dab5fad4b6652ac1ac90ebb4da2900000000000000000000000000000000000000000000141df5d77c6d9d600000,2074473,268954,,,1,2019-04-19 07:29:10 UTC,7596807,0x5001c595ac17ab6fdd068171f19fc63e1ad4cb62e33d31f696d6ca3ffd04e501
0x4e08317c1d735243096271a5aee24e96f8cf10c3741301f9db024ba401b31e8a,25,123,0x4a7c6899cdcb379e284fbfd045462e751da4c7ce,0x8af820c801d854df802d03a6db5298c0fb9ba542,0,417305,3000000000,0xd948d468000000000000000000000000000000000000000000000000000000000000002000000000000000000000000000000000000000000000000000000000000000600000000129ee45fc2a84177e6c23d717e6a982f9cd8f8ecb000000449dc29fac000000000000000000000000b1dab97636a94201881c8236056e733315eaeae700000000000000000000000000000000000000000000141df5d77c6d9d600000,7126878,268954,,,1,2019-04-19 07:26:44 UTC,7596800,0x51c2034693996acb739c577d8691c4c80a73111c8340f1aaecd9cd465f6a132a
0x7598bb6f2c435f67420e4be7bc112eaa33c54bf2f6e9ae9f62c77fab83e0b88d,26,171,0x4a7c6899cdcb379e284fbfd045462e751da4c7ce,0x8af820c801d854df802d03a6db5298c0fb9ba542,0,417305,3000000000,0xd948d468000000000000000000000000000000000000000000000000000000000000002000000000000000000000000000000000000000000000000000000000000000600000000129ee45fc2a84177e6c23d717e6a982f9cd8f8ecb000000449dc29fac000000000000000000000000afd040d8abf07c49dc1754bf3e664b3629c294ca00000000000000000000000000000000000000000000141df5d77c6d9d600000,7754664,268954,,,1,2019-04-19 07:28:34 UTC,7596804,0x544f6512a8a2f97b0e6bb9f52e92a9b64e0ff70d777de222a0a14d73e468bbf4
0x4f8c6e7cc358142eb3d467cf5c6222df0a6e92024fb7dddc1632c5c65c92647c,29,132,0x4a7c6899cdcb379e284fbfd045462e751da4c7ce,0x8af820c801d854df802d03a6db5298c0fb9ba542,0,417305,3000000000,0xd948d468000000000000000000000000000000000000000000000000000000000000002000000000000000000000000000000000000000000000000000000000000000600000000129ee45fc2a84177e6c23d717e6a982f9cd8f8ecb000000449dc29fac000000000000000000000000d20234e08327ef81276f7088eba987153e7ffab300000000000000000000000000000000000000000000141df5d77c6d9d600000,7809014,268954,,,1,2019-04-19 07:33:34 UTC,7596830,0xc8b081fceb26236d3e63efb753420b8c61e508a6d6b1a26864eb0d4aa4dfdc65
0xa4d08a14b5d3980442ee9b21d7a20869f686f9336a8d3f48b43334d42eb0910e,23,114,0x4a7c6899cdcb379e284fbfd045462e751da4c7ce,0x8af820c801d854df802d03a6db5298c0fb9ba542,0,417305,3000000000,0xd948d468000000000000000000000000000000000000000000000000000000000000002000000000000000000000000000000000000000000000000000000000000000600000000129ee45fc2a84177e6c23d717e6a982f9cd8f8ecb000000449dc29fac0000000000000000000000004a7c6899cdcb379e284fbfd045462e751da4c7ce00000000000000000000000000000000000000000000141df5d77c6d9d600000,6080815,268954,,,1,2019-04-19 07:24:43 UTC,7596792,0xf56278a61ad2900db30985f96afc79ebea89ce4d5480a4452e4de30400f3dec6
0x56a9444321cc98a793def8208b26e987acfe4b235a54ff9c16efba0b9fc2da8c,26,46,0xafd040d8abf07c49dc1754bf3e664b3629c294ca,0x8af820c801d854df802d03a6db5298c0fb9ba542,0,283465,3000000000,0xdf133bca000000000000000000000000000000000000000000000000000000000000001100000000000000000000000000000000000000000000000000000000000000010000000000000000000000000000000000000000000000000000000000000001,2202588,191388,,,1,2019-04-19 12:40:29 UTC,7598215,0x0c541b93e39ab461963ea387dd047743773ddf7dc8cd797ed2cffc295512ab4c
0xf06cc6a6316cfcab77ec1834fdb733b8718cdb32a50cfb8e6d901f061f9ce658,29,112,0xafd040d8abf07c49dc1754bf3e664b3629c294ca,0x8af820c801d854df802d03a6db5298c0fb9ba542,0,283465,3000000000,0xdf133bca000000000000000000000000000000000000000000000000000000000000001400000000000000000000000000000000000000000000000000000000000000010000000000000000000000000000000000000000000000000000000000000001,4453025,191388,,,1,2019-04-19 12:41:19 UTC,7598219,0x32814ff3258e361047e857cfcdff7a6fbc13fa731582f9e7bbdb2dffa9620577
0x684b95b86392d5982d44ec5d45b9ce5c216059c232ff8074b32722ab7585112d,25,79,0xafd040d8abf07c49dc1754bf3e664b3629c294ca,0x8af820c801d854df802d03a6db5298c0fb9ba542,0,315204,3000000000,0xdf133bca000000000000000000000000000000000000000000000000000000000000001000000000000000000000000000000000000000000000000000000000000000010000000000000000000000000000000000000000000000000000000000000001,4018056,191388,,,1,2019-04-19 12:40:07 UTC,7598213,0x33074c3e0f9a6880afc0d291b9bad757b6177affd228745857c5a5cd029db998
0x720b30a4c07202b82cfaeb2b7737aa8e2b16bdf813d38482374c8f9fddfb4774,28,55,0xafd040d8abf07c49dc1754bf3e664b3629c294ca,0x8af820c801d854df802d03a6db5298c0fb9ba542,0,315204,3000000000,0xdf133bca000000000000000000000000000000000000000000000000000000000000001300000000000000000000000000000000000000000000000000000000000000010000000000000000000000000000000000000000000000000000000000000001,3296296,191388,,,1,2019-04-19 12:41:05 UTC,7598217,0x5eb717f4ba86bd92a964195c31ef47cae39630f1cd778f4172f7f071b537e94c
0x9ff81a1d85b3c46e4d617742c5ab55b16e0b3141a50f0b62b22ac32671717e25,30,54,0xafd040d8abf07c49dc1754bf3e664b3629c294ca,0x8af820c801d854df802d03a6db5298c0fb9ba542,0,283465,3000000000,0xdf133bca000000000000000000000000000000000000000000000000000000000000001500000000000000000000000000000000000000000000000000000000000000010000000000000000000000000000000000000000000000000000000000000001,3514094,191388,,,1,2019-04-19 12:42:23 UTC,7598222,0xa46cd6fbb94b8ddce941d371f3f44352d60db1d499eef6d2ac2302c32d11839f
0x83ccecb3047628d2a5eabcbd9b2a737416238b02073565b1b94f3c5ad9f101af,24,148,0xafd040d8abf07c49dc1754bf3e664b3629c294ca,0x8af820c801d854df802d03a6db5298c0fb9ba542,0,315204,3000000000,0xdf133bca000000000000000000000000000000000000000000000000000000000000000f00000000000000000000000000000000000000000000000000000000000000010000000000000000000000000000000000000000000000000000000000000001,6483321,191388,,,1,2019-04-19 12:39:55 UTC,7598212,0xea761229bde612b7ad7de9399f1f4e2495f9c19ae9acb5f28f082fe7975f71c5
0xdcd1bd29481e979557c5ff35aceeddf9a11e3aa759efd27d517a6b14ed9fb2ad,5,119,0x9fd0c742d81b6f08817f3ef11d09cb4a9f54ee5f,0x8af820c801d854df802d03a6db5298c0fb9ba542,0,218086,3000000000,0xdf133bca000000000000000000000000000000000000000000000000000000000000000b00000000000000000000000000000000000000000000000000000000000000010000000000000000000000000000000000000000000000000000000000000001,6179983,127699,,,1,2019-04-19 06:24:15 UTC,7596511,0x4295516368b0951d7266cacbb18cd462310f0e341d5930c87721ca20cd3c5e67
0xc2e1dc234f6de2f5b9626d56b1a88a878e9c5454aac9127917cf79fb685c08ca,6,126,0x9fd0c742d81b6f08817f3ef11d09cb4a9f54ee5f,0x8af820c801d854df802d03a6db5298c0fb9ba542,0,218086,3000000000,0xdf133bca000000000000000000000000000000000000000000000000000000000000000c00000000000000000000000000000000000000000000000000000000000000010000000000000000000000000000000000000000000000000000000000000001,5395595,127699,,,1,2019-04-19 06:24:17 UTC,7596512,0xae0fc0e3174fdbcf2ef018bbc67624c8b8daa1af5bbf3307f5895cc5f56dbfaa
0x079e9ea5ba56b5c690999142cb02054fd543cceb3e78ccff985a6877c5b81ef4,8,123,0x9fd0c742d81b6f08817f3ef11d09cb4a9f54ee5f,0x8af820c801d854df802d03a6db5298c0fb9ba542,0,289917,3000000000,0xdf133bca000000000000000000000000000000000000000000000000000000000000000e00000000000000000000000000000000000000000000000000000000000000010000000000000000000000000000000000000000000000000000000000000001,4901652,176342,,,1,2019-04-19 06:25:23 UTC,7596517,0x7c9d169166b75b5a4832cd613483402ff5b391c6b8e4443293355c26f847bd4a
0xac648147c379fe8dab764929baad2f61d3661046c729757df8e1c583ddbd9699,4,75,0x9fd0c742d81b6f08817f3ef11d09cb4a9f54ee5f,0x8af820c801d854df802d03a6db5298c0fb9ba542,0,123651,3000000000,0xdf133bca000000000000000000000000000000000000000000000000000000000000000a00000000000000000000000000000000000000000000000000000000000000010000000000000000000000000000000000000000000000000000000000000001,4681525,73185,,,1,2019-04-19 06:24:15 UTC,7596511,0x4295516368b0951d7266cacbb18cd462310f0e341d5930c87721ca20cd3c5e67
0x1b0803f63e7f22d268cbf2493fdfa2bfc5575d097c121701bfff2ff3f696e8a4,3,62,0xd20234e08327ef81276f7088eba987153e7ffab3,0x8af820c801d854df802d03a6db5298c0fb9ba542,0,123651,2000000000,0xdf133bca000000000000000000000000000000000000000000000000000000000000000e00000000000000000000000000000000000000000000000000000000000000010000000000000000000000000000000000000000000000000000000000000001,5589606,73185,,,1,2019-04-19 05:04:17 UTC,7596156,0x9bac91d7b7e8ab2af780b06c669787ce1ff7a6fad3c70ec64f05fbf4419f5119
0xac36d0f3d09b70b90c093f932fe5416f05e51ba07dc385be3c9c162f107770f8,5,50,0xd20234e08327ef81276f7088eba987153e7ffab3,0x8af820c801d854df802d03a6db5298c0fb9ba542,0,123651,2000000000,0xdf133bca000000000000000000000000000000000000000000000000000000000000000c00000000000000000000000000000000000000000000000000000000000000010000000000000000000000000000000000000000000000000000000000000001,3140846,73185,,,1,2019-04-19 05:06:29 UTC,7596166,0xb841c0d40063135dd8941ce425ffde97e31437ad7199d152d446d95b8203ae85
0xae8b65769891745bd1e0eeac739c758493573d40dc87111960849fbb4666a5ef,4,49,0xd20234e08327ef81276f7088eba987153e7ffab3,0x8af820c801d854df802d03a6db5298c0fb9ba542,0,123651,2000000000,0xdf133bca000000000000000000000000000000000000000000000000000000000000000b00000000000000000000000000000000000000000000000000000000000000010000000000000000000000000000000000000000000000000000000000000001,3067661,73185,,,1,2019-04-19 05:06:29 UTC,7596166,0xb841c0d40063135dd8941ce425ffde97e31437ad7199d152d446d95b8203ae85
0x2e5931880be59c175f7b7510af604ed38ef1860c0eee9278b13605ad27b38705,2,69,0xd20234e08327ef81276f7088eba987153e7ffab3,0x8af820c801d854df802d03a6db5298c0fb9ba542,0,123651,2000000000,0xdf133bca000000000000000000000000000000000000000000000000000000000000000d00000000000000000000000000000000000000000000000000000000000000010000000000000000000000000000000000000000000000000000000000000001,5068821,73185,,,1,2019-04-19 05:03:32 UTC,7596153,0xfa77ca2065cfbc61b78b2ff37195ee44d9662b20622113af862c8fa2280f54c6
0x6a93b8fbf33be196e77af33e41e106bad4241375e9bb5e0106d27eae8bb6af14,32,138,0xafd040d8abf07c49dc1754bf3e664b3629c294ca,0x8af820c801d854df802d03a6db5298c0fb9ba542,0,328609,4000000000,0xdf133bca000000000000000000000000000000000000000000000000000000000000001e00000000000000000000000000000000000000000000000000000000000000010000000000000000000000000000000000000000000000000000000000000001,6887584,200261,,,1,2019-04-27 06:05:22 UTC,7647751,0x9d42ff816e4be7ba3b4b51c731470abca65f9be13035d3f20ee019e67aecd5ed
0xe7531c33afba7c48fd70b594e13cf8ec376cbe56e493578c73df1828e30d4228,33,71,0xafd040d8abf07c49dc1754bf3e664b3629c294ca,0x8af820c801d854df802d03a6db5298c0fb9ba542,0,328609,4000000000,0xdf133bca000000000000000000000000000000000000000000000000000000000000001f00000000000000000000000000000000000000000000000000000000000000010000000000000000000000000000000000000000000000000000000000000001,5054967,200261,,,1,2019-04-27 06:06:07 UTC,7647753,0x4ec1a4696465bda71ea446bd0e2cef595f610ea90733685ac4ec4cf84f244506
0x0f4331e431f007cdbeeb186a02927328178d387f93b683f96cf9359fbad4c0e6,18,36,0x9fd0c742d81b6f08817f3ef11d09cb4a9f54ee5f,0x8af820c801d854df802d03a6db5298c0fb9ba542,0,328609,3000000000,0xdf133bca000000000000000000000000000000000000000000000000000000000000001b00000000000000000000000000000000000000000000000000000000000000010000000000000000000000000000000000000000000000000000000000000001,1650318,200261,,,1,2019-04-27 05:25:14 UTC,7647600,0x858665e5aa481f40f6d508685ae10f5ea144755aba8b385952e2fcde5d1f604b
0xc6a5edc521b573591db51a63f8b7b48aa02f38275372e05946c285cbc0f5e88e,22,74,0x9fd0c742d81b6f08817f3ef11d09cb4a9f54ee5f,0x8af820c801d854df802d03a6db5298c0fb9ba542,0,328609,3000000000,0xdf133bca000000000000000000000000000000000000000000000000000000000000001c00000000000000000000000000000000000000000000000000000000000000010000000000000000000000000000000000000000000000000000000000000001,3526069,200261,,,1,2019-04-27 05:29:04 UTC,7647608,0x5f1e4573df313b4064e4eaecbbe26053cfc6a5d49e97407af8c910ff165c27a5
0x5fb64d23c8d0ffcb040be366b58fd08805475e4cc9db46d5d477bbc21187451d,23,89,0x9fd0c742d81b6f08817f3ef11d09cb4a9f54ee5f,0x8af820c801d854df802d03a6db5298c0fb9ba542,0,328609,3000000000,0xdf133bca000000000000000000000000000000000000000000000000000000000000001d00000000000000000000000000000000000000000000000000000000000000010000000000000000000000000000000000000000000000000000000000000001,2414134,200261,,,1,2019-04-27 05:29:09 UTC,7647610,0x8dee1ff8cff31772bdf7d07b480bf232415019b7d632f161eb439ca681d9bc90
0x860b4261ec0776528c171ead65975b71eabbebe2edb25ee74e4e55860c6e5009,20,72,0x9fd0c742d81b6f08817f3ef11d09cb4a9f54ee5f,0x8af820c801d854df802d03a6db5298c0fb9ba542,0,127744,3000000000,0xdf133bca000000000000000000000000000000000000000000000000000000000000001e00000000000000000000000000000000000000000000000000000000000000010000000000000000000000000000000000000000000000000000000000000001,2777100,75914,,,1,2019-04-27 05:26:22 UTC,7647603,0x21440fbf08c8485e4b53c34e23efc533152a6be950ef1a90ed5ce15ec48e2dbb
0x7f72098895c53b6e25e3cb2cee533cadf989027a9ab18d77af61757f85159229,21,124,0x9fd0c742d81b6f08817f3ef11d09cb4a9f54ee5f,0x8af820c801d854df802d03a6db5298c0fb9ba542,0,127744,3000000000,0xdf133bca000000000000000000000000000000000000000000000000000000000000001f00000000000000000000000000000000000000000000000000000000000000010000000000000000000000000000000000000000000000000000000000000001,5964738,75914,,,1,2019-04-27 05:27:05 UTC,7647605,0x7b0a4ba830ee81a22776f92c94f0b61681489e863d7473cf721986b22d9c67d9
0x1ff2c5dc83d90041f27ac736dc84d515ea95900735174b3ead712ca27fae1315,19,129,0x9fd0c742d81b6f08817f3ef11d09cb4a9f54ee5f,0x8af820c801d854df802d03a6db5298c0fb9ba542,0,328609,3000000000,0xdf133bca000000000000000000000000000000000000000000000000000000000000001b00000000000000000000000000000000000000000000000000000000000000010000000000000000000000000000000000000000000000000000000000000001,4866473,31960,,,0,2019-04-27 05:26:00 UTC,7647602,0x93590918a0be63554f06630b7c08e578c836f629c095c73dca1cfd765184bc74
0x0625c7e81edd5e085ec8b83b72c71f7994d4abd7a7f3dce80076bf1ad5995412,17,130,0x4a7c6899cdcb379e284fbfd045462e751da4c7ce,0x8af820c801d854df802d03a6db5298c0fb9ba542,0,349808,2000000000,0xd5db2c80000000000000000000000000000000000000000000000000000000000000004000000000000000000000000000000000000000000000000000000000000000800000000000000000000000000000000000000000000000000000000000000004000000010000000000000000000000000000000000000000000000000000000000000000000000000000000000000000000000000000000000000000000000964449502d323a2052656261736520496e697469616c2044464320546f6b656e20537570706c792e20566f74652059657320746f20617070726f7665206275726e696e672039352c30303020444643732066726f6d2065766572792044352077616c6c65742028372077616c6c65747320696e20746f74616c292e205365652044495020666f6c64657220666f722064657461696c732e00000000000000000000,6703384,223962,,,1,2019-04-16 10:14:49 UTC,7578300,0x4ee4c4760dea69d2b63cae1b96f4710d9385847356c357a80f8dbb28799849f3
0xf28d0f4340a6f2e5a3d1ff44ce7a46d7651923a491a9ae76ab9b8e7d0074e4f4,1,87,0xd20234e08327ef81276f7088eba987153e7ffab3,0x8af820c801d854df802d03a6db5298c0fb9ba542,0,123651,4000000000,0xdf133bca000000000000000000000000000000000000000000000000000000000000000600000000000000000000000000000000000000000000000000000000000000010000000000000000000000000000000000000000000000000000000000000001,7883433,73185,,,1,2019-04-16 15:41:21 UTC,7579815,0xa5c1e5f780c7a6fc9419b0eb8e8ebd2c70caf360092da008d5edc68634547fc0
